,,,,,,,,,,,,,,,,,,,,,visivel
,,,,,,,,,,,,,,,,,,,,,
,,,,,,,,,,,,,,,,,,,,,
,,,,,,,,,,,,,,,,,,,,,
TÍTULO,EDIÇÃO,EDITORA,CATEGORIA,LIDO,OBS,INCLUSAO,,,,,,,,,,,,,,,
100 DISCOS PARA CONHECER AGUARDELA,ÚNICA,PIPOCA E NANQUIM,HQ,SIM,,,,,,,,,,,,,,,,,
2000 AD ESPECIAL,1,MYTHOS,HQ,NÃO,,,,,,,,,,,,,,,,,
20TH CENTURY BOYS EDIÇÃO DEFINITIVA,1,PANINI,MANGÁ,SIM,,,,,,,,,,,,,,,,,
20TH CENTURY BOYS EDIÇÃO DEFINITIVA,2,PANINI,MANGÁ,SIM,,,,,,,,,,,,,,,,,
20TH CENTURY BOYS EDIÇÃO DEFINITIVA,3,PANINI,MANGÁ,SIM,,,,,,,,,,,,,,,,,
20TH CENTURY BOYS EDIÇÃO DEFINITIVA,4,PANINI,MANGÁ,SIM,,,,,,,,,,,,,,,,,
20TH CENTURY BOYS EDIÇÃO DEFINITIVA,5,PANINI,MANGÁ,SIM,,,,,,,,,,,,,,,,,
20TH CENTURY BOYS EDIÇÃO DEFINITIVA,6,PANINI,MANGÁ,SIM,,,,,,,,,,,,,,,,,
20TH CENTURY BOYS EDIÇÃO DEFINITIVA,7,PANINI,MANGÁ,SIM,,26/04/2026,,,,,,,,,,,,,,,
A ARTE DE CHARLIE CHAN HOCK CHIE,ÚNICA,PIPOCA E NANQUIM,HQ,SIM,,,,,,,,,,,,,,,,,
A CANÇÃO DE ROLAND,ÚNICA,COMIX ZONE,HQ,SIM,,,,,,,,,,,,,,,,,
A GRANDE ODALISCA,ÚNICA,PIPOCA E NANQUIM,HQ,SIM,,,,,,,,,,,,,,,,,
A GUERRA DOS REINOS,1,PANINI,HQ,SIM,,,,,,,,,,,,,,,,,
A GUERRA DOS REINOS,2,PANINI,HQ,SIM,,,,,,,,,,,,,,,,,
A GUERRA DOS REINOS,3,PANINI,HQ,SIM,,,,,,,,,,,,,,,,,
A LENDA DE MUSASHI,ÚNICA ,PIPOCA E NANQUIM,MANGÁ,SIM,,,,,,,,,,,,,,,,,
A MORTE DO SUPERMAN OMNIBUS,ÚNICA,PANINI,HQ,NÃO,,,,,,,,,,,,,,,,,
A NOITE DOS MORTOS VIVOS,ÚNICA,MYTHOS,HQ,NÃO,,,,,,,,,,,,,,,,,
A SAGA DE ELRIC,1,PIPOCA E NANQUIM,LIVRO,NÃO,,,,,,,,,,,,,,,,,
A SAGA DO HOMEM ARANHA PRIMEIRA TEMPORADA,3,PANINI,HQ,SIM,,,,,,,,,,,,,,,,,
A SAGA DO HOMEM ARANHA PRIMEIRA TEMPORADA,2,PANINI,HQ,SIM,,,,,,,,,,,,,,,,,
A SAGA DO HOMEM ARANHA PRIMEIRA TEMPORADA,3,PANINI,HQ,SIM,,,,,,,,,,,,,,,,,
A SAGA DO HOMEM ARANHA PRIMEIRA TEMPORADA,4,PANINI,HQ,SIM,,,,,,,,,,,,,,,,,
A SAGA DO HOMEM ARANHA PRIMEIRA TEMPORADA,5,PANINI,HQ,SIM,,,,,,,,,,,,,,,,,
A SAGA DO HOMEM ARANHA PRIMEIRA TEMPORADA,6,PANINI,HQ,NÃO,,,,,,,,,,,,,,,,,
A SAGA DO HOMEM ARANHA PRIMEIRA TEMPORADA,7,PANINI,HQ,NÃO,,,,,,,,,,,,,,,,,
A SAGA DO HOMEM ARANHA PRIMEIRA TEMPORADA,8,PANINI,HQ,NÃO,,,,,,,,,,,,,,,,,
A SAGA DO HOMEM ARANHA PRIMEIRA TEMPORADA,9,PANINI,HQ,NÃO,,,,,,,,,,,,,,,,,
A SAGA DO HOMEM ARANHA PRIMEIRA TEMPORADA,10,PANINI,HQ,NÃO,,,,,,,,,,,,,,,,,
A SAGA DO HOMEM ARANHA PRIMEIRA TEMPORADA,11,PANINI,HQ,NÃO,,,,,,,,,,,,,,,,,
A SAGA DO HOMEM ARANHA PRIMEIRA TEMPORADA,12,PANINI,HQ,NÃO,,,,,,,,,,,,,,,,,
A SAGA DO HOMEM ARANHA PRIMEIRA TEMPORADA,13,PANINI,HQ,NÃO,,,,,,,,,,,,,,,,,
A SAGA DO HOMEM ARANHA PRIMEIRA TEMPORADA,14,PANINI,HQ,NÃO,,,,,,,,,,,,,,,,,
A SAGA DO HOMEM ARANHA PRIMEIRA TEMPORADA,15,PANINI,HQ,NÃO,,,,,,,,,,,,,,,,,
A SAGA DO HOMEM ARANHA PRIMEIRA TEMPORADA,16,PANINI,HQ,NÃO,,,,,,,,,,,,,,,,,
A SAGA DO HOMEM ARANHA PRIMEIRA TEMPORADA,17,PANINI,HQ,NÃO,,,,,,,,,,,,,,,,,
A SAGA DO HOMEM ARANHA PRIMEIRA TEMPORADA,18,PANINI,HQ,NÃO,,,,,,,,,,,,,,,,,
A SAGA DO HOMEM ARANHA PRIMEIRA TEMPORADA,19,PANINI,HQ,NÃO,,,,,,,,,,,,,,,,,
A SAGA DO HOMEM ARANHA PRIMEIRA TEMPORADA,20,PANINI,HQ,NÃO,,,,,,,,,,,,,,,,,
A SAGA DO HOMEM ARANHA PRIMEIRA TEMPORADA,21,PANINI,HQ,NÃO,,,,,,,,,,,,,,,,,
A SAGA DO HOMEM ARANHA PRIMEIRA TEMPORADA,22,PANINI,HQ,NÃO,,,,,,,,,,,,,,,,,
A SAGA DO HOMEM ARANHA PRIMEIRA TEMPORADA,23,PANINI,HQ,NÃO,,,,,,,,,,,,,,,,,
A SAGA DO HOMEM ARANHA PRIMEIRA TEMPORADA,24,PANINI,HQ,NÃO,,,,,,,,,,,,,,,,,
A SAGA DO HOMEM ARANHA SEGUNDA TEMPORADA,1,PANINI,HQ,NÃO,,,,,,,,,,,,,,,,,
A SAGA DO HOMEM ARANHA SEGUNDA TEMPORADA,2,PANINI,HQ,NÃO,,,,,,,,,,,,,,,,,
A SAGA DO HOMEM ARANHA SEGUNDA TEMPORADA,3,PANINI,HQ,NÃO,,,,,,,,,,,,,,,,,
A SAGA DO HOMEM ARANHA SEGUNDA TEMPORADA,4,PANINI,HQ,NÃO,,,,,,,,,,,,,,,,,
A SAGA DO HOMEM ARANHA SEGUNDA TEMPORADA,5,PANINI,HQ,NÃO,,,,,,,,,,,,,,,,,
A SAGA DO HOMEM ARANHA SEGUNDA TEMPORADA,6,PANINI,HQ,NÃO,,,,,,,,,,,,,,,,,
A SAGA DO HOMEM ARANHA SEGUNDA TEMPORADA,7,PANINI,HQ,NÃO,,,,,,,,,,,,,,,,,
A SAGA DO HOMEM ARANHA SEGUNDA TEMPORADA,8,PANINI,HQ,NÃO,,,,,,,,,,,,,,,,,
A SAGA DO HOMEM ARANHA SEGUNDA TEMPORADA,9,PANINI,HQ,NÃO,,,,,,,,,,,,,,,,,
A SAGA DO HOMEM ARANHA SEGUNDA TEMPORADA,10,PANINI,HQ,NÃO,,,,,,,,,,,,,,,,,
A SAGA DO HOMEM ARANHA SEGUNDA TEMPORADA,11,PANINI,HQ,NÃO,,,,,,,,,,,,,,,,,
A SAGA DO HOMEM ARANHA SEGUNDA TEMPORADA,12,PANINI,HQ,NÃO,,18/05/2026,,,,,,,,,,,,,,,
A SAGA DO MONSTRO DO PÂNTANO ALAN MOORE,1,PANINI,HQ,NÃO,,,,,,,,,,,,,,,,,
A SAGA DO MONSTRO DO PÂNTANO ALAN MOORE,2,PANINI,HQ,NÃO,,,,,,,,,,,,,,,,,
A SAGA DO MONSTRO DO PÂNTANO ALAN MOORE,3,PANINI,HQ,NÃO,,,,,,,,,,,,,,,,,
A SAGA DO MONSTRO DO PÂNTANO ALAN MOORE,4,PANINI,HQ,NÃO,,,,,,,,,,,,,,,,,
A SAGA DO MONSTRO DO PÂNTANO ALAN MOORE,5,PANINI,HQ,NÃO,,,,,,,,,,,,,,,,,
A SAGA DO MONSTRO DO PÂNTANO ALAN MOORE,6,PANINI,HQ,NÃO,,,,,,,,,,,,,,,,,
A SAGA DO TIO PATINHAS,1,ABRIL,HQ,NÃO,,,,,,,,,,,,,,,,,
A SAGA DO TIO PATINHAS,2,ABRIL,HQ,NÃO,,,,,,,,,,,,,,,,,
A SAGA DO TIO PATINHAS,3,ABRIL,HQ,NÃO,,,,,,,,,,,,,,,,,
A ÚLTIMA CAÇADA DE KRAVEN,ÚNICA,PANINI,HQ,SIM,,,,,,,,,,,,,,,,,
ABE SAPIEN,1,MYTHOS,HQ,NÃO,,,,,,,,,,,,,,,,,
ABSOLUTE BATMAN,1,PANINI,HQ,SIM,AUTOGRAFADO,,,,,,,,,,,,,,,,
ABSOLUTE BATMAN,2,PANINI,HQ,SIM,,,,,,,,,,,,,,,,,
ABSOLUTE BATMAN,3,PANINI,HQ,SIM,,,,,,,,,,,,,,,,,
ABSOLUTE BATMAN,4,PANINI,HQ,NÃO,,15/05/2026,,,,,,,,,,,,,,,
ABSOLUTE CAÇADOR DE MARTE,1,PANINI,HQ,SIM,,13/02/2026,,,,,,,,,,,,,,,
ABSOLUTE CAÇADOR DE MARTE,2,PANINI,HQ,SIM,,26/04/2026,,,,,,,,,,,,,,,
ABSOLUTE MULHER MARAVILHA,1,PANINI,HQ,SIM,,,,,,,,,,,,,,,,,
ABSOLUTE MULHER MARAVILHA,2,PANINI,HQ,SIM,,,,,,,,,,,,,,,,,
ABSOLUTE MULHER MARAVILHA,3,PANINI,HQ,SIM,,26/04/2026,,,,,,,,,,,,,,,
ABSOLUTE SUPERMAN,1,PANINI,HQ,SIM,,,,,,,,,,,,,,,,,
ABSOLUTE SUPERMAN,2,PANINI,HQ,SIM,,,,,,,,,,,,,,,,,
ABSOLUTE SUPERMAN,3,PANINI,HQ,SIM,,,,,,,,,,,,,,,,,
AKIRA,1,JBC,MANGÁ,SIM,,,,,,,,,,,,,,,,,
AKIRA,2,JBC,MANGÁ,SIM,,,,,,,,,,,,,,,,,
AKIRA,3,JBC,MANGÁ,SIM,,,,,,,,,,,,,,,,,
AKIRA,4,JBC,MANGÁ,SIM,,,,,,,,,,,,,,,,,
AKIRA,5,JBC,MANGÁ,NÃO,,,,,,,,,,,,,,,,,
AKIRA,6,JBC,MANGÁ,NÃO,,,,,,,,,,,,,,,,,
ALACK SINNER,1,PIPOCA E NANQUIM,HQ,NÃO,,,,,,,,,,,,,,,,,
ALACK SINNER,2,PIPOCA E NANQUIM,HQ,NÃO,,15/05/2026,,,,,,,,,,,,,,,
ALIAS,1,PANINI,HQ,NÃO,,,,,,,,,,,,,,,,,
"ANA, MOSQUINHA E LAGARTIXINHA",ÚNICA,INDEPENDENTE,HQ,SIM,AUTOGRAFADO,,,,,,,,,,,,,,,,
AQUAMAN BY GEOFF JHONS OMNIBUS,ÚNICA,DC,HQ,NÃO,,,,,,,,,,,,,,,,,
AQUAMAN RENASCIMENTO,1,PANINI,HQ,SIM,,,,,,,,,,,,,,,,,
AQUAMAN RENASCIMENTO,2,PANINI,HQ,SIM,,,,,,,,,,,,,,,,,
AQUAMAN RENASCIMENTO,3,PANINI,HQ,NÃO,,,,,,,,,,,,,,,,,
AQUAMAN RENASCIMENTO,4,PANINI,HQ,NÃO,,,,,,,,,,,,,,,,,
AQUAMAN RENASCIMENTO,5,PANINI,HQ,NÃO,,,,,,,,,,,,,,,,,
AQUAMAN RENASCIMENTO,6,PANINI,HQ,NÃO,,,,,,,,,,,,,,,,,
ARENA,ÚNICA,PIPOCA E NANQUIM,HQ,NÃO,,,,,,,,,,,,,,,,,
ARLINDO,ÚNICA,SEGUINTE,HQ,NÃO,AUTOGRAFADO,,,,,,,,,,,,,,,,
ARQUEIRO VERDE RENASCIMENTO,1,PANINI,HQ,SIM,,,,,,,,,,,,,,,,,
ARQUEIRO VERDE RENASCIMENTO,2,PANINI,HQ,SIM,,,,,,,,,,,,,,,,,
ARQUEIRO VERDE RENASCIMENTO,3,PANINI,HQ,SIM,,,,,,,,,,,,,,,,,
ARQUEIRO VERDE RENASCIMENTO,4,PANINI,HQ,SIM,,,,,,,,,,,,,,,,,
ARQUEIRO VERDE RENASCIMENTO,5,PANINI,HQ,SIM,,,,,,,,,,,,,,,,,
ARQUEIRO VERDE RENASCIMENTO,6,PANINI,HQ,SIM,,,,,,,,,,,,,,,,,
ARQUEIRO VERDE RENASCIMENTO,7,PANINI,HQ,SIM,,,,,,,,,,,,,,,,,
AS AVENTURAS DE SHERLOCK HOLMES,ÚNICA,MYTHOS,HQ,NÃO,,,,,,,,,,,,,,,,,
AS CRÔNICAS DA ERA DO GELO,1,PIPOCA E NANQUIM,MANGÁ,NÃO,,,,,,,,,,,,,,,,,
AS CRÔNICAS DA ERA DO GELO,2,PIPOCA E NANQUIM,MANGÁ,NÃO,,,,,,,,,,,,,,,,,
AS EGOCÊNTRICAS MALDIÇÕES DE SOUICHI,ÚNICA,PIPOCA E NANQUIM,MANGÁ,NÃO,,,,,,,,,,,,,,,,,
AS GRANDES AVENTURAS DE TEX A GRANDE INVASÃO,4,MYTHOS,HQ,NÃO,,,,,,,,,,,,,,,,,
AS GRANDES AVENTURAS DE TEX MISSÃO EM GREAT FALLS,11,MYTHOS,HQ,NÃO,,,,,,,,,,,,,,,,,
AS MUITAS MORTES DE BATMAN,ÚNICA,PANINI,HQ,NÃO,,,,,,,,,,,,,,,,,
AS MUITAS VIDAS DO PATO DONALD,4,ABRIL,HQ,NÃO,,,,,,,,,,,,,,,,,
ASTERIOS POLYP,ÚNICA,QUADRINHOS NA CIA,HQ,SIM,,,,,,,,,,,,,,,,,
ASTERIX OMNIBIS,1,RECORD,HQ,SIM,,,,,,,,,,,,,,,,,
ASTERIX OMNIBIS,2,RECORD,HQ,SIM,,,,,,,,,,,,,,,,,
ASTROBOY BIG,1,JBC,MANGÁ,SIM,,,,,,,,,,,,,,,,,
ASTROBOY BIG,2,JBC,MANGÁ,NÃO,,,,,,,,,,,,,,,,,
ASTROBOY BIG,3,JBC,MANGÁ,NÃO,,,,,,,,,,,,,,,,,
ATÔMICA,ÚNICA,DARKSIDE,HQ,SIM,,,,,,,,,,,,,,,,,
AUTHORITY,1,PANINI,HQ,SIM,,,,,,,,,,,,,,,,,
AUTHORITY,2,PANINI,HQ,SIM,,,,,,,,,,,,,,,,,
AUTHORITY,3,PANINI,HQ,SIM,,,,,,,,,,,,,,,,,
AUTHORITY,4,PANINI,HQ,SIM,,,,,,,,,,,,,,,,,
AVENTURAS MARVEL,1,PANINI,HQ,NÃO,,,,,,,,,,,,,,,,,
AVENTURAS MARVEL,2,PANINI,HQ,NÃO,,,,,,,,,,,,,,,,,
AVENTURAS MARVEL,3,PANINI,HQ,NÃO,,,,,,,,,,,,,,,,,
AVENTURAS MARVEL,4,PANINI,HQ,NÃO,,,,,,,,,,,,,,,,,
AVENTURAS MARVEL,5,PANINI,HQ,NÃO,,,,,,,,,,,,,,,,,
AVENTURAS MARVEL,6,PANINI,HQ,NÃO,,,,,,,,,,,,,,,,,
AVENTURAS MARVEL,7,PANINI,HQ,NÃO,,,,,,,,,,,,,,,,,
AVENTURAS MARVEL,8,PANINI,HQ,NÃO,,,,,,,,,,,,,,,,,
AVENTURAS MARVEL,9,PANINI,HQ,NÃO,,,,,,,,,,,,,,,,,
AVENTURAS MARVEL,10,PANINI,HQ,NÃO,,,,,,,,,,,,,,,,,
AVENTURAS MARVEL,11,PANINI,HQ,NÃO,,,,,,,,,,,,,,,,,
AVENTURAS MARVEL,12,PANINI,HQ,NÃO,,,,,,,,,,,,,,,,,
AVENTURAS MARVEL,13,PANINI,HQ,NÃO,,,,,,,,,,,,,,,,,
BATGIRL RENASCIMENTO,1,PANINI,HQ,NÃO,,,,,,,,,,,,,,,,,
BATMAN 2025,1,PANINI,HQ,SIM,,,,,,,,,,,,,,,,,
BATMAN 2025,2,PANINI,HQ,SIM,,,,,,,,,,,,,,,,,
BATMAN 2025,3,PANINI,HQ,SIM,,,,,,,,,,,,,,,,,
BATMAN 2025,4,PANINI,HQ,SIM,,,,,,,,,,,,,,,,,
BATMAN 2025,5,PANINI,HQ,SIM,,,,,,,,,,,,,,,,,
BATMAN 2025,6,PANINI,HQ,SIM,,26/04/2026,,,,,,,,,,,,,,,
BATMAN 2025,7,PANINI,HQ,NÃO,,18/05/2026,,,,,,,,,,,,,,,
BATMAN A PIADA MORTAL,ÚNICA,PANINI,HQ,SIM,,,,,,,,,,,,,,,,,
BATMAN A QUEDA DO MORCEGO,1,PANINI,HQ,NÃO,,,,,,,,,,,,,,,,,
BATMAN A QUEDA DO MORCEGO,2,PANINI,HQ,NÃO,,,,,,,,,,,,,,,,,
BATMAN A QUEDA DO MORCEGO,3,PANINI,HQ,NÃO,,,,,,,,,,,,,,,,,
BATMAN A TUMBA DO REI TUT,ÚNICA,PANINI,HQ,NÃO,,,,,,,,,,,,,,,,,
BATMAN ANO 100,1,PANINI,HQ,SIM,,,,,,,,,,,,,,,,,
BATMAN ANO 100,2,PANINI,HQ,SIM,,,,,,,,,,,,,,,,,
BATMAN ANO UM,ÚNICA,PANINI,HQ,NÃO,,,,,,,,,,,,,,,,,
BATMAN ARQUIVO DE CASOS INEXPLICÁVEIS,ÚNICA,PANINI,HQ,SIM,,,,,,,,,,,,,,,,,
BATMAN AS DEZ NOITES DA BESTA,ÚNICA,PANINI,HQ,NÃO,,,,,,,,,,,,,,,,,
BATMAN BRIGE OR BURGLAR?,6,DC,HQ,SIM,,,,,,,,,,,,,,,,,
BATMAN BY GRANT MORRISON OMNIBUS,1,DC,HQ,NÃO,,,,,,,,,,,,,,,,,
BATMAN DEATH OF THE FAMILY,3,DC,HQ,NÃO,,,,,,,,,,,,,,,,,
BATMAN DO FUTURO RENASCIMENTO,1,PANINI,HQ,NÃO,,,,,,,,,,,,,,,,,
BATMAN E DEADPOOL,ÚNICA,PANINI,HQ,NÃO,,,,,,,,,,,,,,,,,
BATMAN E FLASH O BOTON,ÚNICA,PANINI,HQ,SIM,,,,,,,,,,,,,,,,,
BATMAN ENDGAME,7,DC,HQ,NÃO,,,,,,,,,,,,,,,,,
BATMAN GOTHAM 1989,ÚNICA,PANINI,HQ,NÃO,,,,,,,,,,,,,,,,,
BATMAN GRAVEYARD SHIFT,6,DC,HQ,NÃO,,,,,,,,,,,,,,,,,
BATMAN I AM BANE,3,DC,HQ,SIM,,,,,,,,,,,,,,,,,
BATMAN I AM GOTHAM,1,DC,HQ,SIM,,,,,,,,,,,,,,,,,
BATMAN I AM SUICIDE,2,DC,HQ,SIM,,,,,,,,,,,,,,,,,
BATMAN LOUCO AMOR E OUTRAS HISTÓRIAS,ÚNICA,PANINI,HQ,SIM,,,,,,,,,,,,,,,,,
BATMAN NOEL,ÚNICA,PANINI,HQ,SIM,,,,,,,,,,,,,,,,,
BATMAN O CAVALEIRO DAS TREVAS EDIÇÃO DEFINITIVA,ÚNICA,PANINI,HQ,SIM,,,,,,,,,,,,,,,,,
BATMAN O FILHO DO DEMÔNIO,ÚNICA,PANINI,HQ,NÃO,,,,,,,,,,,,,,,,,
BATMAN O MESSIAS,ÚNICA,PANINI,HQ,SIM,,,,,,,,,,,,,,,,,
BATMAN O PRÍNCIPE ENCANTADO DAS TREVAS,1,PANINI,HQ,SIM,,,,,,,,,,,,,,,,,
BATMAN O PRÍNCIPE ENCANTADO DAS TREVAS,2,PANINI,HQ,SIM,,,,,,,,,,,,,,,,,
BATMAN PEQUENA GOTHAM,ÚNICA,PANINI,HQ,SIM,,,,,,,,,,,,,,,,,
BATMAN TERRA UM,1,PANINI,HQ,NÃO,,,,,,,,,,,,,,,,,
BATMAN TERRA UM,2,PANINI,HQ,NÃO,,,,,,,,,,,,,,,,,
BATMAN THE CITY OF OWLS,2,DC,HQ,NÃO,,,,,,,,,,,,,,,,,
BATMAN THE COURT OF OWLS,1,DC,HQ,SIM,,,,,,,,,,,,,,,,,
BATMAN THE DARK KNIGHT RETURNS,ÚNICA,DC,HQ,SIM,AUTOGRAFADO,,,,,,,,,,,,,,,,
BATMAN THE GOLDEN AGE OMNIBUS,1,DC,HQ,SIM,,,,,,,,,,,,,,,,,
BATMAN THE RULES OF ENGAGEMENT,5,DC,HQ,SIM,,,,,,,,,,,,,,,,,
BATMAN THE WAR OD JOKES AND RIDDLES,4,DC,HQ,SIM,,,,,,,,,,,,,,,,,
BATMAN VENENO,ÚNICA,PANINI,HQ,SIM,,,,,,,,,,,,,,,,,
BATMAN XAMÃ,ÚNICA,PANINI,HQ,SIM,,,,,,,,,,,,,,,,,
BATMAN ZERO YEAR DARK CITY,5,DC,HQ,NÃO,,,,,,,,,,,,,,,,,
BATMAN ZERO YEAR SECRET CITY,4,DC,HQ,NÃO,,,,,,,,,,,,,,,,,
BATTLE ROYALE,1,PIPOCA E NANQUIM,MANGÁ,SIM,ÍTEM,,,,,,,,,,,,,,,,
BATTLE ROYALE,2,PIPOCA E NANQUIM,MANGÁ,SIM,ÍTEM,,,,,,,,,,,,,,,,
BATTLE ROYALE,3,PIPOCA E NANQUIM,MANGÁ,SIM,ÍTEM,,,,,,,,,,,,,,,,
BATTLE ROYALE,4,PIPOCA E NANQUIM,MANGÁ,SIM,ÍTEM,,,,,,,,,,,,,,,,
BATTLE ROYALE,5,PIPOCA E NANQUIM,MANGÁ,SIM,ÍTEM,,,,,,,,,,,,,,,,
BEASTS OF BURDEN,1,PIPOCA E NANQUIM,HQ,SIM,,,,,,,,,,,,,,,,,
BEASTS OF BURDEN,2,PIPOCA E NANQUIM,HQ,SIM,,,,,,,,,,,,,,,,,
BEASTS OF BURDEN,3,PIPOCA E NANQUIM,HQ,SIM,,,,,,,,,,,,,,,,,
BEASTS OF BURDEN,4,PIPOCA E NANQUIM,HQ,SIM,,,,,,,,,,,,,,,,,
BEOWULF,ÚNICA,PIPOCA E NANQUIM,HQ,SIM,,,,,,,,,,,,,,,,,
BERSERK ,1,PANINI,MANGÁ,SIM,,,,,,,,,,,,,,,,,
BERSERK ,2,PANINI,MANGÁ,SIM,,,,,,,,,,,,,,,,,
BERSERK ,3,PANINI,MANGÁ,SIM,,,,,,,,,,,,,,,,,
BERSERK ,4,PANINI,MANGÁ,SIM,,,,,,,,,,,,,,,,,
BERSERK ,5,PANINI,MANGÁ,SIM,,,,,,,,,,,,,,,,,
BERSERK ,6,PANINI,MANGÁ,SIM,,,,,,,,,,,,,,,,,
BERSERK ,7,PANINI,MANGÁ,SIM,,,,,,,,,,,,,,,,,
BERSERK ,8,PANINI,MANGÁ,SIM,,,,,,,,,,,,,,,,,
BERSERK ,9,PANINI,MANGÁ,SIM,,,,,,,,,,,,,,,,,
BERSERK ,10,PANINI,MANGÁ,SIM,,,,,,,,,,,,,,,,,
BERSERK ,11,PANINI,MANGÁ,SIM,,,,,,,,,,,,,,,,,
BERSERK ,12,PANINI,MANGÁ,SIM,,,,,,,,,,,,,,,,,
BERSERK ,13,PANINI,MANGÁ,SIM,,,,,,,,,,,,,,,,,
BERSERK ,14,PANINI,MANGÁ,SIM,,,,,,,,,,,,,,,,,
BERSERK ,15,PANINI,MANGÁ,SIM,,,,,,,,,,,,,,,,,
BERSERK ,16,PANINI,MANGÁ,SIM,,,,,,,,,,,,,,,,,
BERSERK ,17,PANINI,MANGÁ,SIM,,,,,,,,,,,,,,,,,
BERSERK ,18,PANINI,MANGÁ,SIM,,,,,,,,,,,,,,,,,
BERSERK ,19,PANINI,MANGÁ,SIM,,,,,,,,,,,,,,,,,
BERSERK ,20,PANINI,MANGÁ,SIM,,,,,,,,,,,,,,,,,
BERSERK ,21,PANINI,MANGÁ,SIM,,,,,,,,,,,,,,,,,
BERSERK ,22,PANINI,MANGÁ,SIM,,,,,,,,,,,,,,,,,
BERSERK ,23,PANINI,MANGÁ,SIM,,,,,,,,,,,,,,,,,
BERSERK ,24,PANINI,MANGÁ,SIM,,,,,,,,,,,,,,,,,
BERSERK ,25,PANINI,MANGÁ,SIM,,,,,,,,,,,,,,,,,
BERSERK ,26,PANINI,MANGÁ,SIM,,,,,,,,,,,,,,,,,
BERSERK ,27,PANINI,MANGÁ,SIM,,,,,,,,,,,,,,,,,
BERSERK ,28,PANINI,MANGÁ,SIM,,,,,,,,,,,,,,,,,
BERSERK ,29,PANINI,MANGÁ,SIM,,,,,,,,,,,,,,,,,
BERSERK ,30,PANINI,MANGÁ,SIM,,,,,,,,,,,,,,,,,
BERSERK ,31,PANINI,MANGÁ,SIM,,,,,,,,,,,,,,,,,
BERSERK ,32,PANINI,MANGÁ,SIM,,,,,,,,,,,,,,,,,
BERSERK ,33,PANINI,MANGÁ,SIM,,,,,,,,,,,,,,,,,
BERSERK ,34,PANINI,MANGÁ,SIM,,,,,,,,,,,,,,,,,
BERSERK ,35,PANINI,MANGÁ,SIM,,,,,,,,,,,,,,,,,
BERSERK ,36,PANINI,MANGÁ,SIM,,,,,,,,,,,,,,,,,
BERSERK ,42,PANINI,MANGÁ,NÃO,,,,,,,,,,,,,,,,,
BLACK MAGICK,1,MYTHOS,HQ,NÃO,,,,,,,,,,,,,,,,,
BLADE A LAMINA DO IMORTAL BIG,1,JBC,MANGÁ,SIM,,,,,,,,,,,,,,,,,
BLADE A LAMINA DO IMORTAL BIG,2,JBC,MANGÁ,SIM,,,,,,,,,,,,,,,,,
BLADE A LAMINA DO IMORTAL BIG,3,JBC,MANGÁ,NÃO,,,,,,,,,,,,,,,,,
BLADE A LAMINA DO IMORTAL BIG,4,JBC,MANGÁ,NÃO,,,,,,,,,,,,,,,,,
BLADE A LAMINA DO IMORTAL BIG,5,JBC,MANGÁ,NÃO,,,,,,,,,,,,,,,,,
BLADE A LAMINA DO IMORTAL BIG,6,JBC,MANGÁ,NÃO,,,,,,,,,,,,,,,,,
BLADE A LAMINA DO IMORTAL BIG,7,JBC,MANGÁ,NÃO,,,,,,,,,,,,,,,,,
BLADE A LAMINA DO IMORTAL BIG,8,JBC,MANGÁ,NÃO,,,,,,,,,,,,,,,,,
BLADE A LAMINA DO IMORTAL BIG,9,JBC,MANGÁ,NÃO,,,,,,,,,,,,,,,,,
BLADE A LAMINA DO IMORTAL BIG,10,JBC,MANGÁ,NÃO,,,,,,,,,,,,,,,,,
BLADE A LAMINA DO IMORTAL BIG,11,JBC,MANGÁ,NÃO,,,,,,,,,,,,,,,,,
BLADE A LAMINA DO IMORTAL BIG,12,JBC,MANGÁ,NÃO,,,,,,,,,,,,,,,,,
BLADE A LAMINA DO IMORTAL BIG,13,JBC,MANGÁ,NÃO,,,,,,,,,,,,,,,,,
BLADE A LAMINA DO IMORTAL BIG,14,JBC,MANGÁ,NÃO,,,,,,,,,,,,,,,,,
BLADE A LAMINA DO IMORTAL BIG,15,JBC,MANGÁ,NÃO,,,,,,,,,,,,,,,,,
BLOOD,ÚNICA,PIPOCA E NANQUIM,HQ,SIM,,,,,,,,,,,,,,,,,
BLUE NOTE,ÚNICA,MYTHOS,HQ,NÃO,,,,,,,,,,,,,,,,,
BLUEBERRY,1,PIPOCA E NANQUIM,HQ,NÃO,,,,,,,,,,,,,,,,,
BLUEBERRY,2,PIPOCA E NANQUIM,HQ,NÃO,,,,,,,,,,,,,,,,,
BLUEBERRY,3,PIPOCA E NANQUIM,HQ,NÃO,,,,,,,,,,,,,,,,,
BLUEBERRY,4,PIPOCA E NANQUIM,HQ,NÃO,,,,,,,,,,,,,,,,,
BOM DIA SOCORRO,ÚNICA,CONRAD,HQ,SIM,AUTOGRAFADO,,,,,,,,,,,,,,,,
BONE,1,TODAVIA,HQ,SIM,,,,,,,,,,,,,,,,,
BONE,2,TODAVIA,HQ,SIM,,,,,,,,,,,,,,,,,
BONE,3,TODAVIA,HQ,SIM,,,,,,,,,,,,,,,,,
BÓRGIA,ÚNICA,PIPOCA E NANQUIM,HQ,SIM,,,,,,,,,,,,,,,,,
BPDP ORIGENS ,2,MYTHOS,HQ,NÃO,,,,,,,,,,,,,,,,,
CÃES,ÚNICA,PIPOCA E NANQUIM,LIVRO,NÃO,,,,,,,,,,,,,,,,,
CAMELOT 3000,ÚNICA,PANINI,HQ,SIM,,,,,,,,,,,,,,,,,
CANNON,ÚNICA,PIPOCA E NANQUIM,HQ,NÃO,,,,,,,,,,,,,,,,,
CAPA PRETA,ÚNICA,COMIX ZONE,HQ,SIM,,,,,,,,,,,,,,,,,
CAPITÃO AMÉRICA A AMEAÇA VERMELHA,ÚNICA,PANINI,HQ,NÃO,,,,,,,,,,,,,,,,,
CAVALEIROS DO ZODIACO SAINT SEYA,1,JBC,MANGÁ,NÃO,,,,,,,,,,,,,,,,,
CAVALEIROS DO ZODIACO SAINT SEYA,2,JBC,MANGÁ,NÃO,,,,,,,,,,,,,,,,,
CAVALEIROS DO ZODIACO SAINT SEYA,3,JBC,MANGÁ,NÃO,,,,,,,,,,,,,,,,,
CAVALEIROS DO ZODIACO SAINT SEYA,4,JBC,MANGÁ,NÃO,,,,,,,,,,,,,,,,,
CAVALEIROS DO ZODIACO SAINT SEYA,5,JBC,MANGÁ,NÃO,,,,,,,,,,,,,,,,,
CAVALEIROS DO ZODIACO SAINT SEYA,6,JBC,MANGÁ,NÃO,,,,,,,,,,,,,,,,,
CAVALEIROS DO ZODIACO SAINT SEYA,7,JBC,MANGÁ,NÃO,,,,,,,,,,,,,,,,,
CAVALEIROS DO ZODIACO SAINT SEYA,8,JBC,MANGÁ,NÃO,,,,,,,,,,,,,,,,,
CAVALEIROS DO ZODIACO SAINT SEYA,9,JBC,MANGÁ,NÃO,,,,,,,,,,,,,,,,,
CAVALEIROS DO ZODIACO SAINT SEYA,10,JBC,MANGÁ,NÃO,,,,,,,,,,,,,,,,,
CAVALEIROS DO ZODIACO SAINT SEYA,11,JBC,MANGÁ,NÃO,,,,,,,,,,,,,,,,,
CAVALEIROS DO ZODIACO SAINT SEYA,12,JBC,MANGÁ,NÃO,,,,,,,,,,,,,,,,,
CAVALEIROS DO ZODIACO SAINT SEYA,13,JBC,MANGÁ,NÃO,,,,,,,,,,,,,,,,,
CAVALEIROS DO ZODIACO SAINT SEYA,14,JBC,MANGÁ,NÃO,,,,,,,,,,,,,,,,,
CAVALEIROS DO ZODIACO SAINT SEYA,15,JBC,MANGÁ,NÃO,,,,,,,,,,,,,,,,,
CAVALEIROS DO ZODIACO SAINT SEYA,16,JBC,MANGÁ,NÃO,,,,,,,,,,,,,,,,,
CAVALEIROS DO ZODIACO SAINT SEYA,17,JBC,MANGÁ,NÃO,,,,,,,,,,,,,,,,,
CAVALEIROS DO ZODIACO SAINT SEYA,18,JBC,MANGÁ,NÃO,,,,,,,,,,,,,,,,,
CAVALEIROS DO ZODIACO SAINT SEYA,19,JBC,MANGÁ,NÃO,,,,,,,,,,,,,,,,,
CAVALEIROS DO ZODIACO SAINT SEYA,20,JBC,MANGÁ,NÃO,,,,,,,,,,,,,,,,,
CAVALEIROS DO ZODIACO SAINT SEYA,21,JBC,MANGÁ,NÃO,,,,,,,,,,,,,,,,,
CAVALEIROS DO ZODIACO SAINT SEYA,22,JBC,MANGÁ,NÃO,,,,,,,,,,,,,,,,,
CAVALEIROS DO ZODIACO SAINT SEYA,23,JBC,MANGÁ,NÃO,,,,,,,,,,,,,,,,,
CAVALEIROS DO ZODIACO SAINT SEYA,24,JBC,MANGÁ,NÃO,,,,,,,,,,,,,,,,,
CAVALEIROS DO ZODIACO SAINT SEYA,25,JBC,MANGÁ,NÃO,,,,,,,,,,,,,,,,,
CAVALEIROS DO ZODIACO SAINT SEYA,26,JBC,MANGÁ,NÃO,,,,,,,,,,,,,,,,,
CAVALEIROS DO ZODIACO SAINT SEYA,27,JBC,MANGÁ,NÃO,,,,,,,,,,,,,,,,,
CAVALEIROS DO ZODIACO SAINT SEYA,28,JBC,MANGÁ,NÃO,,,,,,,,,,,,,,,,,
CHICO BENTO 2026,1,PANINI,HQ,NÃO,,26/05/2026,,,,,,,,,,,,,,,
CINCO POR INFINITO,ÚNICA,PIPOCA E NANQUIM,HQ,SIM,,,,,,,,,,,,,,,,,
COLEÇÃO GRAPHIC NOVELS HOMEM ARANHA CAÍDO ENTRE OS MORTOS,,SALVAT,HQ,NÃO,,,,,,,,,,,,,,,,,
COLEÇÃO GRAPHIC NOVELS HOMEM ARANHA PERCEPÇÕES,,SALVAT,HQ,NÃO,,,,,,,,,,,,,,,,,
COLEÇÃO GRAPHIC NOVELS MARVEL A QUEDA DE MURDOCK,,SALVAT,HQ,NÃO,,,,,,,,,,,,,,,,,
COLEÇÃO GRAPHIC NOVELS MARVEL A SAGA DA FENIX NEGRA,,SALVAT,HQ,NÃO,,,,,,,,,,,,,,,,,
COLEÇÃO GRAPHIC NOVELS MARVEL DE VOLTA AO LAR,,SALVAT,HQ,SIM,,,,,,,,,,,,,,,,,
COLEÇÃO GRAPHIC NOVELS MARVEL FÉ EM MONSTROS,57,SALVAT,HQ,SIM,,,,,,,,,,,,,,,,,
COLEÇÃO GRAPHIC NOVELS MARVEL GUERRA SECRETA,,SALVAT,HQ,NÃO,,,,,,,,,,,,,,,,,
COLEÇÃO GRAPHIC NOVELS MARVEL HOMEM ARANHA AZUL,,SALVAT,HQ,SIM,,,,,,,,,,,,,,,,,
COLEÇÃO GRAPHIC NOVELS MARVEL VELHO LOGAN,,SALVAT,HQ,SIM,,,,,,,,,,,,,,,,,
COLEÇÃO GRAPHIC NOVELS MARVEL VINGADORES A QUEDA,,SALVAT,HQ,SIM,,,,,,,,,,,,,,,,,
COLEÇÃO HISTÓRICA MARVEL O INCRIVEL HULK,1,PANINI,HQ,NÃO,,,,,,,,,,,,,,,,,
COLEÇÃO HISTÓRICA MARVEL OS VINGADORES,7,PANINI,HQ,NÃO,,,,,,,,,,,,,,,,,
CONAN O BÁRBARO,1,PIPOCA E NANQUIM,LIVRO,SIM,,,,,,,,,,,,,,,,,
CONAN OMNIBUS,1,MYTHOS,HQ,NÃO,,,,,,,,,,,,,,,,,
CONAN OMNIBUS,2,MYTHOS,HQ,NÃO,,,,,,,,,,,,,,,,,
CONAN OMNIBUS,3,MYTHOS,HQ,NÃO,,,,,,,,,,,,,,,,,
CONAN OMNIBUS,4,MYTHOS,HQ,NÃO,,,,,,,,,,,,,,,,,
CONAN OMNIBUS,5,MYTHOS,HQ,NÃO,,,,,,,,,,,,,,,,,
CONAN OMNIBUS,6,MYTHOS,HQ,NÃO,,,,,,,,,,,,,,,,,
CONAN OMNIBUS,7,MYTHOS,HQ,NÃO,,,,,,,,,,,,,,,,,
CONAN OMNIBUS,8,MYTHOS,HQ,NÃO,,,,,,,,,,,,,,,,,
CONTAGEM DE CORPOS TARTARUGAS NINJA,ÚNICA,PIPOCA E NANQUIM,HQ,SIM,,,,,,,,,,,,,,,,,
CONTO DE AREIA,ÚNICA,PIPOCA E NANQUIM,HQ,SIM,,,,,,,,,,,,,,,,,
CONTOS DO CÃO NEGRO,1,AVEC,HQ,SIM,,,,,,,,,,,,,,,,,
CONTOS DO CÃO NEGRO,2,AVEC,HQ,SIM,,,,,,,,,,,,,,,,,
COPRA,1,PIPOCA E NANQUIM,HQ,SIM,,,,,,,,,,,,,,,,,
COPRA,2,PIPOCA E NANQUIM,HQ,SIM,,,,,,,,,,,,,,,,,
COPRA,3,PIPOCA E NANQUIM,HQ,NÃO,,,,,,,,,,,,,,,,,
COPRA,4,PIPOCA E NANQUIM,HQ,NÃO,,,,,,,,,,,,,,,,,
COPRA,5,PIPOCA E NANQUIM,HQ,NÃO,,,,,,,,,,,,,,,,,
COPRA,6,PIPOCA E NANQUIM,HQ,NÃO,,,,,,,,,,,,,,,,,
CRAZY FOOD TRUCK,1,COMIX ZONE,MANGÁ,SIM,,,,,,,,,,,,,,,,,
CRAZY FOOD TRUCK,2,COMIX ZONE,MANGÁ,SIM,,,,,,,,,,,,,,,,,
CREPÚSCULO DO MORCEGO,ÚNICA,MONSTRA,HQ,SIM,,,,,,,,,,,,,,,,,
CRISE NAS INFINITAS TERRAS EDIÇÃO DEFINITIVA,ÚNICA,PANINI,HQ,NÃO,,,,,,,,,,,,,,,,,
CRÔNICAS DE EXCALLIBUR,2,MYTHOS,HQ,NÃO,,,,,,,,,,,,,,,,,
CROSSED ,1,PANINI,HQ,NÃO,,,,,,,,,,,,,,,,,
CRUZADA INFINITA,ÚNICA,PANINI,HQ,SIM,,,,,,,,,,,,,,,,,
DAN BRAND,ÚNICA,PIPOCA E NANQUIM,HQ,SIM,,,,,,,,,,,,,,,,,
DAN DA DAN,1,PANINI,MANGÁ,SIM,,,,,,,,,,,,,,,,,
DAN DA DAN,2,PANINI,MANGÁ,SIM,,,,,,,,,,,,,,,,,
DAN DA DAN,3,PANINI,MANGÁ,SIM,,,,,,,,,,,,,,,,,
DAN DA DAN,4,PANINI,MANGÁ,SIM,,,,,,,,,,,,,,,,,
DAN DA DAN,5,PANINI,MANGÁ,SIM,,,,,,,,,,,,,,,,,
DAN DA DAN,6,PANINI,MANGÁ,SIM,,,,,,,,,,,,,,,,,
DAN DA DAN,7,PANINI,MANGÁ,SIM,,,,,,,,,,,,,,,,,
DAN DA DAN,8,PANINI,MANGÁ,SIM,,,,,,,,,,,,,,,,,
DAN DA DAN,9,PANINI,MANGÁ,SIM,,,,,,,,,,,,,,,,,
DAN DA DAN,10,PANINI,MANGÁ,SIM,,,,,,,,,,,,,,,,,
DAN DA DAN,11,PANINI,MANGÁ,SIM,,,,,,,,,,,,,,,,,
DAN DA DAN,12,PANINI,MANGÁ,SIM,,,,,,,,,,,,,,,,,
DAN DA DAN,13,PANINI,MANGÁ,SIM,,,,,,,,,,,,,,,,,
DAN DA DAN,14,PANINI,MANGÁ,SIM,,,,,,,,,,,,,,,,,
DAN DA DAN,15,PANINI,MANGÁ,SIM,,,,,,,,,,,,,,,,,
DAN DA DAN,16,PANINI,MANGÁ,SIM,,,,,,,,,,,,,,,,,
DAN DA DAN,17,PANINI,MANGÁ,SIM,,,,,,,,,,,,,,,,,
DAN DA DAN,18,PANINI,MANGÁ,SIM,,,,,,,,,,,,,,,,,
DAN DA DAN,19,PANINI,MANGÁ,SIM,,15/05/2026,,,,,,,,,,,,,,,
DAN DA DAN,20,PANINI,MANGÁ,NÃO,,26/05/2026,,,,,,,,,,,,,,,
DARK NIGHTS METAL,ÚNICA,DC,HQ,NÃO,,,,,,,,,,,,,,,,,
DC GRAPHIC NOVELS - BRAINIAC,18,EAGLEMOSS,HQ,NÃO,,,,,,,,,,,,,,,,,
DC GRAPHIC NOVELS - INIMIGOS PÚBLICOS,5,EAGLEMOSS,HQ,SIM,,,,,,,,,,,,,,,,,
DC GRAPHIC NOVELS - LEX LUTHOR O HOMEM DE AÇO,12,EAGLEMOSS,HQ,NÃO,,,,,,,,,,,,,,,,,
DC GRAPHIC NOVELS - LJA ANO UM ,9,EAGLEMOSS,HQ,NÃO,,,,,,,,,,,,,,,,,
DC GRAPHIC NOVELS - LJA ANO UM 2,10,EAGLEMOSS,HQ,NÃO,,,,,,,,,,,,,,,,,
DC GRAPHIC NOVELS - MORTE EM FAMÍLIA,11,EAGLEMOSS,HQ,NÃO,,,,,,,,,,,,,,,,,
DC GRAPHIC NOVELS - MULHER MARAVILHA O CÍRCULO,17,EAGLEMOSS,HQ,NÃO,,,,,,,,,,,,,,,,,
DC GRAPHIC NOVELS - O HOMEM DE AÇO,8,EAGLEMOSS,HQ,NÃO,,,,,,,,,,,,,,,,,
DC GRAPHIC NOVELS - O LONGO DIA DAS BRUXAS,6,EAGLEMOSS,HQ,NÃO,,,,,,,,,,,,,,,,,
DC GRAPHIC NOVELS - O LONGO DIA DAS BRUXAS 2,7,EAGLEMOSS,HQ,NÃO,,,,,,,,,,,,,,,,,
DC GRAPHIC NOVELS - O NASCIMENTO DO DEMÔNIO,15,EAGLEMOSS,HQ,NÃO,,,,,,,,,,,,,,,,,
DC GRAPHIC NOVELS - O NASCIMENTO DO DEMÔNIO 2,16,EAGLEMOSS,HQ,NÃO,,,,,,,,,,,,,,,,,
DC GRAPHIC NOVELS - O ÚLTIMO FILHO,3,EAGLEMOSS,HQ,SIM,,,,,,,,,,,,,,,,,
DC GRAPHIC NOVELS - SILÊNCIO,1,EAGLEMOSS,HQ,SIM,,,,,,,,,,,,,,,,,
DC GRAPHIC NOVELS - SILÊNCIO 2 ,2,EAGLEMOSS,HQ,SIM,,,,,,,,,,,,,,,,,
DC GRAPHIC NOVELS - SUPERMAN/BATMAN SUPERGIRL,14,EAGLEMOSS,HQ,NÃO,,,,,,,,,,,,,,,,,
DC GRAPHIC NOVELS - TERRA 2,13,EAGLEMOSS,HQ,NÃO,,,,,,,,,,,,,,,,,
DC GRAPHIC NOVELS - TORRE DE BABEL,4,EAGLEMOSS,HQ,SIM,,,,,,,,,,,,,,,,,
DEADPOOL E BATMAN,ÚNICA,PANINI,HQ,NÃO,,,,,,,,,,,,,,,,,
DECORUM,1,MYTHOS,HQ,NÃO,,,,,,,,,,,,,,,,,
DEMOLIDOR POR FRANK MILLER,1,PANINI,HQ,NÃO,,,,,,,,,,,,,,,,,
DEMOLIDOR POR FRANK MILLER,2,PANINI,HQ,NÃO,,,,,,,,,,,,,,,,,
DEMOLIDOR POR FRANK MILLER,3,PANINI,HQ,NÃO,,,,,,,,,,,,,,,,,
DEMON SLAYER,1,PANINI,MANGÁ,SIM,,,,,,,,,,,,,,,,,
DEMON SLAYER,2,PANINI,MANGÁ,SIM,,,,,,,,,,,,,,,,,
DEMON SLAYER,3,PANINI,MANGÁ,SIM,,,,,,,,,,,,,,,,,
DEMON SLAYER,4,PANINI,MANGÁ,SIM,,,,,,,,,,,,,,,,,
DEMON SLAYER,5,PANINI,MANGÁ,SIM,,,,,,,,,,,,,,,,,
DEMON SLAYER,6,PANINI,MANGÁ,SIM,,,,,,,,,,,,,,,,,
DEMON SLAYER,7,PANINI,MANGÁ,SIM,,,,,,,,,,,,,,,,,
DEMON SLAYER,8,PANINI,MANGÁ,SIM,,,,,,,,,,,,,,,,,
DEMON SLAYER,9,PANINI,MANGÁ,SIM,,,,,,,,,,,,,,,,,
DEMON SLAYER,10,PANINI,MANGÁ,SIM,,,,,,,,,,,,,,,,,
DEMON SLAYER,11,PANINI,MANGÁ,SIM,,,,,,,,,,,,,,,,,
DEMON SLAYER,12,PANINI,MANGÁ,SIM,,,,,,,,,,,,,,,,,
DEMON SLAYER,13,PANINI,MANGÁ,SIM,,,,,,,,,,,,,,,,,
DEMON SLAYER,14,PANINI,MANGÁ,SIM,,,,,,,,,,,,,,,,,
DEMON SLAYER,15,PANINI,MANGÁ,SIM,,,,,,,,,,,,,,,,,
DEMON SLAYER,16,PANINI,MANGÁ,SIM,,,,,,,,,,,,,,,,,
DEMON SLAYER,17,PANINI,MANGÁ,SIM,,,,,,,,,,,,,,,,,
DEMON SLAYER,18,PANINI,MANGÁ,SIM,,,,,,,,,,,,,,,,,
DEMON SLAYER,19,PANINI,MANGÁ,SIM,,,,,,,,,,,,,,,,,
DEMON SLAYER,20,PANINI,MANGÁ,SIM,,,,,,,,,,,,,,,,,
DEMON SLAYER,21,PANINI,MANGÁ,SIM,,,,,,,,,,,,,,,,,
DEMON SLAYER,22,PANINI,MANGÁ,SIM,,,,,,,,,,,,,,,,,
DEMON SLAYER,23,PANINI,MANGÁ,SIM,,,,,,,,,,,,,,,,,
DEMON SLAYER GAIDEN,ÚNICA,PANINI,MANGÁ,SIM,,,,,,,,,,,,,,,,,
DESAFIO INFINITO,ÚNICA,PANINI,HQ,SIM,,,,,,,,,,,,,,,,,
DESTINO ADIADO,ÚNICA,PIPOCA E NANQUIM,HQ,SIM,,,,,,,,,,,,,,,,,
DISNEY ALIENS,ÚNICA,ABRIL,HQ,NÃO,,,,,,,,,,,,,,,,,
DISNEY ARTISTAS E MODELOS,ÚNICA,ABRIL,HQ,NÃO,,,,,,,,,,,,,,,,,
DISNEY CONTOS DE NATAL,ÚNICA,ABRIL,HQ,SIM,,,,,,,,,,,,,,,,,
DISNEY COWBOY,ÚNICA,ABRIL,HQ,NÃO,,,,,,,,,,,,,,,,,
DISNEY HISTÓRIAS NATALINAS,ÚNICA,CULTURAMA,HQ,SIM,,,,,,,,,,,,,,,,,
DISNEY JURASSICO,ÚNICA,ABRIL,HQ,NÃO,,,,,,,,,,,,,,,,,
DISNEY OS INVENTORES,ÚNICA,ABRIL,HQ,NÃO,,,,,,,,,,,,,,,,,
DISNEY OUTROS MUNDOS,ÚNICA,ABRIL,HQ,NÃO,,,,,,,,,,,,,,,,,
DISNEY PENINHA 50 ANOS,ÚNICA,ABRIL,HQ,NÃO,,,,,,,,,,,,,,,,,
DISNEY SIR LOCK JOLMES,ÚNICA,ABRIL,HQ,NÃO,,,,,,,,,,,,,,,,,
DISNEY SUPERPATETA 50 ANOS,ÚNICA,ABRIL,HQ,NÃO,,,,,,,,,,,,,,,,,
DISNEY SUPERPATO O LEGADO,ÚNICA,ABRIL,HQ,NÃO,,,,,,,,,,,,,,,,,
DO INFERNO,ÚNICA,VENETA,HQ,NÃO,,,,,,,,,,,,,,,,,
DOMÍNIO PÚBLICO,1,PIPOCA E NANQUIM,HQ,NÃO,,,,,,,,,,,,,,,,,
DOUTOR ESTRANHO O JURAMENTO,ÚNICA,PANINI,HQ,NÃO,,,,,,,,,,,,,,,,,
DOUTOR ESTRANHO SHAMBALLA,ÚNICA,PANINI,HQ,SIM,,,,,,,,,,,,,,,,,
DRAGÃO NEGRO,ÚNICA,PIPOCA E NANQUIM,HQ,NÃO,,,,,,,,,,,,,,,,,
DRAGONBALL,1,PANINI,MANGÁ,SIM,,,,,,,,,,,,,,,,,
DRAGONBALL,2,PANINI,MANGÁ,SIM,,,,,,,,,,,,,,,,,
DRAGONBALL,3,PANINI,MANGÁ,SIM,,,,,,,,,,,,,,,,,
DRAGONBALL,4,PANINI,MANGÁ,SIM,,,,,,,,,,,,,,,,,
DRAGONBALL,5,PANINI,MANGÁ,SIM,,,,,,,,,,,,,,,,,
DRAGONBALL,6,PANINI,MANGÁ,SIM,,,,,,,,,,,,,,,,,
DRAGONBALL,7,PANINI,MANGÁ,SIM,,,,,,,,,,,,,,,,,
DRAGONBALL,8,PANINI,MANGÁ,SIM,,,,,,,,,,,,,,,,,
DRAGONBALL,9,PANINI,MANGÁ,SIM,,,,,,,,,,,,,,,,,
DRAGONBALL,10,PANINI,MANGÁ,SIM,,,,,,,,,,,,,,,,,
DRAGONBALL,11,PANINI,MANGÁ,SIM,,,,,,,,,,,,,,,,,
DRAGONBALL,12,PANINI,MANGÁ,SIM,,,,,,,,,,,,,,,,,
DRAGONBALL,13,PANINI,MANGÁ,SIM,,,,,,,,,,,,,,,,,
DRAGONBALL,14,PANINI,MANGÁ,SIM,,,,,,,,,,,,,,,,,
DRAGONBALL,15,PANINI,MANGÁ,SIM,,,,,,,,,,,,,,,,,
DRAGONBALL,16,PANINI,MANGÁ,SIM,,,,,,,,,,,,,,,,,
DRAGONBALL,17,PANINI,MANGÁ,NÃO,,,,,,,,,,,,,,,,,
DRAGONBALL,18,PANINI,MANGÁ,NÃO,,,,,,,,,,,,,,,,,
DRAGONBALL,19,PANINI,MANGÁ,NÃO,,,,,,,,,,,,,,,,,
DRAGONBALL,20,PANINI,MANGÁ,NÃO,,,,,,,,,,,,,,,,,
DRAGONBALL,21,PANINI,MANGÁ,NÃO,,,,,,,,,,,,,,,,,
DRAGONBALL,22,PANINI,MANGÁ,NÃO,,,,,,,,,,,,,,,,,
DRAGONBALL,23,PANINI,MANGÁ,NÃO,,,,,,,,,,,,,,,,,
DRAGONBALL,24,PANINI,MANGÁ,NÃO,,,,,,,,,,,,,,,,,
DRAGONBALL,25,PANINI,MANGÁ,NÃO,,,,,,,,,,,,,,,,,
DRAGONBALL,26,PANINI,MANGÁ,NÃO,,,,,,,,,,,,,,,,,
DRAGONBALL,27,PANINI,MANGÁ,NÃO,,,,,,,,,,,,,,,,,
DRAGONBALL,28,PANINI,MANGÁ,NÃO,,,,,,,,,,,,,,,,,
DRAGONBALL,29,PANINI,MANGÁ,NÃO,,,,,,,,,,,,,,,,,
DRAGONBALL,30,PANINI,MANGÁ,NÃO,,,,,,,,,,,,,,,,,
DRAGONBALL,31,PANINI,MANGÁ,NÃO,,,,,,,,,,,,,,,,,
DRAGONBALL,32,PANINI,MANGÁ,NÃO,,,,,,,,,,,,,,,,,
DRAGONBALL,33,PANINI,MANGÁ,NÃO,,,,,,,,,,,,,,,,,
DRAGONBALL,34,PANINI,MANGÁ,NÃO,,,,,,,,,,,,,,,,,
DRAGONBALL,35,PANINI,MANGÁ,NÃO,,,,,,,,,,,,,,,,,
DRAGONBALL,36,PANINI,MANGÁ,NÃO,,,,,,,,,,,,,,,,,
DRAGONBALL,37,PANINI,MANGÁ,NÃO,,,,,,,,,,,,,,,,,
DRAGONBALL,38,PANINI,MANGÁ,NÃO,,,,,,,,,,,,,,,,,
DRAGONBALL,39,PANINI,MANGÁ,NÃO,,,,,,,,,,,,,,,,,
DRAGONBALL,40,PANINI,MANGÁ,NÃO,,,,,,,,,,,,,,,,,
DRAGONBALL,41,PANINI,MANGÁ,NÃO,,,,,,,,,,,,,,,,,
DRAGONBALL,42,PANINI,MANGÁ,NÃO,,,,,,,,,,,,,,,,,
DRAGONBALL SUPER,1,PANINI,MANGÁ,NÃO,,,,,,,,,,,,,,,,,
DRAGONBALL SUPER,2,PANINI,MANGÁ,NÃO,,,,,,,,,,,,,,,,,
DRAGONBALL SUPER,3,PANINI,MANGÁ,NÃO,,,,,,,,,,,,,,,,,
DRAGONBALL SUPER,4,PANINI,MANGÁ,NÃO,,,,,,,,,,,,,,,,,
DRAGONBALL SUPER,5,PANINI,MANGÁ,NÃO,,,,,,,,,,,,,,,,,
DRAGONBALL SUPER,6,PANINI,MANGÁ,NÃO,,,,,,,,,,,,,,,,,
DRAGONBALL SUPER,7,PANINI,MANGÁ,NÃO,,,,,,,,,,,,,,,,,
DRAGONBALL SUPER,8,PANINI,MANGÁ,NÃO,,,,,,,,,,,,,,,,,
DRAGONBALL SUPER,9,PANINI,MANGÁ,NÃO,,,,,,,,,,,,,,,,,
DRAGONBALL SUPER,10,PANINI,MANGÁ,NÃO,,,,,,,,,,,,,,,,,
DRAGONBALL SUPER,11,PANINI,MANGÁ,NÃO,,,,,,,,,,,,,,,,,
DRAGONBALL SUPER,12,PANINI,MANGÁ,NÃO,,,,,,,,,,,,,,,,,
DRAGONBALL SUPER,13,PANINI,MANGÁ,NÃO,,,,,,,,,,,,,,,,,
DRAGONBALL SUPER,14,PANINI,MANGÁ,NÃO,,,,,,,,,,,,,,,,,
DRAGONBALL SUPER,15,PANINI,MANGÁ,NÃO,,,,,,,,,,,,,,,,,
DRAGONBALL SUPER,16,PANINI,MANGÁ,NÃO,,,,,,,,,,,,,,,,,
DRAGONBALL SUPER,17,PANINI,MANGÁ,NÃO,,,,,,,,,,,,,,,,,
DRAGONBALL SUPER,18,PANINI,MANGÁ,NÃO,,,,,,,,,,,,,,,,,
DRAGONBALL SUPER,19,PANINI,MANGÁ,NÃO,,,,,,,,,,,,,,,,,
DRAGONBALL SUPER,20,PANINI,MANGÁ,NÃO,,,,,,,,,,,,,,,,,
DRAGONBALL SUPER,21,PANINI,MANGÁ,NÃO,,,,,,,,,,,,,,,,,
DRAGONBALL SUPER,22,PANINI,MANGÁ,NÃO,,,,,,,,,,,,,,,,,
DRAGONBALL SUPER,23,PANINI,MANGÁ,NÃO,,,,,,,,,,,,,,,,,
DRAGONBALL SUPER,24,PANINI,MANGÁ,NÃO,,,,,,,,,,,,,,,,,
DRUUNA ,1,PIPOCA E NANQUIM,HQ,SIM,,,,,,,,,,,,,,,,,
DRUUNA ,2,PIPOCA E NANQUIM,HQ,SIM,,,,,,,,,,,,,,,,,
DRUUNA ,3,PIPOCA E NANQUIM,HQ,NÃO,ÍTEM,,,,,,,,,,,,,,,,
DUAS VIDAS,ÚNICA,NEMO,HQ,SIM,,,,,,,,,,,,,,,,,
DUCKTALES OS CAÇADORES DE AVENTURA,ÚNICA,ABRIL,HQ,NÃO,,,,,,,,,,,,,,,,,
DYLAN DOG E DAMPYR,ÚNICA,MYTHOS,HQ,NÃO,,,,,,,,,,,,,,,,,
DYLAN DOG MATER DOLOROSA,ÚNICA,MYTHOS,HQ,SIM,,,,,,,,,,,,,,,,,
DYLAN DOG MATER MORBI,ÚNICA,MYTHOS,HQ,SIM,,,,,,,,,,,,,,,,,
DYLAN DOG OMNIBUS,1,MYTHOS,HQ,NÃO,,,,,,,,,,,,,,,,,
ELRIC O CAMPEAO ETERNO,ÚNICA,PIPOCA E NANQUIM,HQ,SIM,,15/05/2026,,,,,,,,,,,,,,,
ELRIC O LOBO BRANCO,2,MYTHOS,HQ,SIM,,,,,,,,,,,,,,,,,
ELRIC O TRONO DE RUBI,1,MYTHOS,HQ,SIM,,,,,,,,,,,,,,,,,
ELRIC STORMBRINGER,ÚNICA,PIPOCA E NANQUIM,HQ,NÃO,,,,,,,,,,,,,,,,,
ESPADAS E BRUXAS,ÚNICA,PIPOCA E NANQUIM,HQ,SIM,,,,,,,,,,,,,,,,,
ESQUADRÃO SUICÍDA CHUTE NA CARA,1,PANINI,HQ,SIM,,,,,,,,,,,,,,,,,
ESQUADRÃO SUICÍDA PONTO SEM VOLTA,3,PANINI,HQ,SIM,,,,,,,,,,,,,,,,,
ESQUADRÃO SUICÍDA VIVENDO NO LIMITE,2,PANINI,HQ,SIM,,,,,,,,,,,,,,,,,
ETERNALS,ÚNICA,MARVEL,HQ,NÃO,,,,,,,,,,,,,,,,,
EU MATEI ADOLF HITLER,ÚNICA,MINO,HQ,SIM,,,,,,,,,,,,,,,,,
FÁBULAS EDIÇÃO DE LUXO,1,PANINI,HQ,SIM,,,,,,,,,,,,,,,,,
FÁBULAS EDIÇÃO DE LUXO,2,PANINI,HQ,SIM,,,,,,,,,,,,,,,,,
FÁBULAS EDIÇÃO DE LUXO,3,PANINI,HQ,NÃO,,,,,,,,,,,,,,,,,
FÁBULAS EDIÇÃO DE LUXO,4,PANINI,HQ,NÃO,,,,,,,,,,,,,,,,,
FLASH A REVOLUÇÃO DOS VILÕES,2,PANINI,HQ,SIM,,,,,,,,,,,,,,,,,
FLASH GUERRA DOS GORILAS,3,PANINI,HQ,SIM,,,,,,,,,,,,,,,,,
FLASH RENASCIMENTO,1,PANINI,HQ,NÃO,,,,,,,,,,,,,,,,,
FLASH RENASCIMENTO,2,PANINI,HQ,NÃO,,,,,,,,,,,,,,,,,
FLASH RENASCIMENTO,3,PANINI,HQ,NÃO,,,,,,,,,,,,,,,,,
FLASH RENASCIMENTO,4,PANINI,HQ,NÃO,,,,,,,,,,,,,,,,,
FLASH RENASCIMENTO,5,PANINI,HQ,NÃO,,,,,,,,,,,,,,,,,
FLASH REVERSO,4,PANINI,HQ,SIM,,,,,,,,,,,,,,,,,
FLASH SEGUINDO EM FRENTE,1,PANINI,HQ,SIM,,,,,,,,,,,,,,,,,
FLASHPOINT,ÚNICA,DC,HQ,NÃO,,,,,,,,,,,,,,,,,
FRANKESTEIN E OUTRAS HISTÓRIAS DE HORROR,ÚNICA,PIPOCA E NANQUIM,MANGÁ,NÃO,,,,,,,,,,,,,,,,,
FREDRIC WILLIAM E A AMAZONA,ÚNICA,PIPOCA E NANQUIM,HQ,NÃO,,,,,,,,,,,,,,,,,
FRIEREN E A JORNADA PARA O ALÉM,1,PANINI,MANGÁ,NÃO,,,,,,,,,,,,,,,,,
FRIEREN E A JORNADA PARA O ALÉM,2,PANINI,MANGÁ,NÃO,,,,,,,,,,,,,,,,,
FRIEREN E A JORNADA PARA O ALÉM,3,PANINI,MANGÁ,NÃO,,,,,,,,,,,,,,,,,
FRIEREN E A JORNADA PARA O ALÉM,4,PANINI,MANGÁ,NÃO,,,,,,,,,,,,,,,,,
FRIEREN E A JORNADA PARA O ALÉM,5,PANINI,MANGÁ,NÃO,,,,,,,,,,,,,,,,,
FRIEREN E A JORNADA PARA O ALÉM,6,PANINI,MANGÁ,NÃO,,,,,,,,,,,,,,,,,
FRIEREN E A JORNADA PARA O ALÉM,7,PANINI,MANGÁ,NÃO,,,,,,,,,,,,,,,,,
FRIEREN E A JORNADA PARA O ALÉM,8,PANINI,MANGÁ,NÃO,,,,,,,,,,,,,,,,,
FRIEREN E A JORNADA PARA O ALÉM,9,PANINI,MANGÁ,NÃO,,,,,,,,,,,,,,,,,
FRIEREN E A JORNADA PARA O ALÉM,10,PANINI,MANGÁ,NÃO,,,,,,,,,,,,,,,,,
FRIEREN E A JORNADA PARA O ALÉM,11,PANINI,MANGÁ,NÃO,,,,,,,,,,,,,,,,,
FRIEREN E A JORNADA PARA O ALÉM,12,PANINI,MANGÁ,NÃO,ÍTEM,,,,,,,,,,,,,,,,
FRIEREN E A JORNADA PARA O ALÉM,13,PANINI,MANGÁ,NÃO,,,,,,,,,,,,,,,,,
FRIEREN E A JORNADA PARA O ALÉM,14,PANINI,MANGÁ,NÃO,,15/05/2026,,,,,,,,,,,,,,,
FRONTEIRAS DO ALÉM,ÚNICA,PIPOCA E NANQUIM,HQ,NÃO,,,,,,,,,,,,,,,,,
FULLMETAL ALCHEMIST,1,JBC,MANGÁ,SIM,,,,,,,,,,,,,,,,,
FULLMETAL ALCHEMIST,2,JBC,MANGÁ,SIM,,,,,,,,,,,,,,,,,
FULLMETAL ALCHEMIST,3,JBC,MANGÁ,SIM,,,,,,,,,,,,,,,,,
FULLMETAL ALCHEMIST,4,JBC,MANGÁ,SIM,,,,,,,,,,,,,,,,,
FULLMETAL ALCHEMIST,5,JBC,MANGÁ,SIM,,,,,,,,,,,,,,,,,
FULLMETAL ALCHEMIST,6,JBC,MANGÁ,SIM,,,,,,,,,,,,,,,,,
FULLMETAL ALCHEMIST,7,JBC,MANGÁ,SIM,,,,,,,,,,,,,,,,,
FULLMETAL ALCHEMIST,8,JBC,MANGÁ,SIM,,,,,,,,,,,,,,,,,
FULLMETAL ALCHEMIST,9,JBC,MANGÁ,SIM,,,,,,,,,,,,,,,,,
FULLMETAL ALCHEMIST,10,JBC,MANGÁ,SIM,,,,,,,,,,,,,,,,,
FULLMETAL ALCHEMIST,11,JBC,MANGÁ,SIM,,,,,,,,,,,,,,,,,
FULLMETAL ALCHEMIST,12,JBC,MANGÁ,SIM,,,,,,,,,,,,,,,,,
FULLMETAL ALCHEMIST,13,JBC,MANGÁ,SIM,,,,,,,,,,,,,,,,,
FULLMETAL ALCHEMIST,14,JBC,MANGÁ,SIM,,,,,,,,,,,,,,,,,
FULLMETAL ALCHEMIST,15,JBC,MANGÁ,SIM,,,,,,,,,,,,,,,,,
FULLMETAL ALCHEMIST,16,JBC,MANGÁ,SIM,,,,,,,,,,,,,,,,,
FULLMETAL ALCHEMIST,17,JBC,MANGÁ,SIM,,,,,,,,,,,,,,,,,
FULLMETAL ALCHEMIST,18,JBC,MANGÁ,SIM,,,,,,,,,,,,,,,,,
FULLMETAL ALCHEMIST,19,JBC,MANGÁ,SIM,,,,,,,,,,,,,,,,,
FULLMETAL ALCHEMIST,20,JBC,MANGÁ,SIM,,,,,,,,,,,,,,,,,
FULLMETAL ALCHEMIST,21,JBC,MANGÁ,SIM,,,,,,,,,,,,,,,,,
FULLMETAL ALCHEMIST,22,JBC,MANGÁ,SIM,,,,,,,,,,,,,,,,,
FULLMETAL ALCHEMIST,23,JBC,MANGÁ,SIM,,,,,,,,,,,,,,,,,
FULLMETAL ALCHEMIST,24,JBC,MANGÁ,SIM,,,,,,,,,,,,,,,,,
FULLMETAL ALCHEMIST,25,JBC,MANGÁ,SIM,,,,,,,,,,,,,,,,,
FULLMETAL ALCHEMIST,26,JBC,MANGÁ,SIM,,,,,,,,,,,,,,,,,
FULLMETAL ALCHEMIST,27,JBC,MANGÁ,SIM,,,,,,,,,,,,,,,,,
FULLMETAL ALCHEMIST GUIA COMPLETO,1,JBC,MANGÁ,SIM,,,,,,,,,,,,,,,,,
FULLMETAL ALCHEMIST GUIA COMPLETO,2,JBC,MANGÁ,SIM,,,,,,,,,,,,,,,,,
FULLMETAL ALCHEMIST GUIA COMPLETO,3,JBC,MANGÁ,SIM,,,,,,,,,,,,,,,,,
FUNNY CREECK,ÚNICA,PIPOCA E NANQUIM,HQ,SIM,,,,,,,,,,,,,,,,,
GIGANT,1,PANINI,MANGÁ,NÃO,,,,,,,,,,,,,,,,,
GOLDEN KAMUY,1,PANINI,MANGÁ,NÃO,,,,,,,,,,,,,,,,,
GOLDEN KAMUY,2,PANINI,MANGÁ,NÃO,,,,,,,,,,,,,,,,,
GOTHAM DPGC,1,PANINI,HQ,NÃO,,,,,,,,,,,,,,,,,
GOTHAM DPGC,2,PANINI,HQ,NÃO,,,,,,,,,,,,,,,,,
GOTHAM DPGC,3,PANINI,HQ,NÃO,,,,,,,,,,,,,,,,,
GRAMA,ÚNICA,PIPOCA E NANQUIM,LIVRO,NÃO,,,,,,,,,,,,,,,,,
GRANDES ASTROS SUPERMAN,ÚNICA,PANINI,HQ,NÃO,,,,,,,,,,,,,,,,,
GRANDES ENCONTROS DC/DARKHORSE - LIGA DA JUSTIÇA,ÚNICA,PANINI,HQ,SIM,,,,,,,,,,,,,,,,,
GRAPHIC MSP ASTRONAUTA ASSIMETRIA,3,PANINI,HQ,NÃO,,,,,,,,,,,,,,,,,
GRAPHIC MSP ASTRONAUTA ENTROPIA,4,PANINI,HQ,NÃO,,,,,,,,,,,,,,,,,
GRAPHIC MSP ASTRONAUTA MAGNETAR,1,PANINI,HQ,NÃO,,,,,,,,,,,,,,,,,
GRAPHIC MSP ASTRONAUTA PARALLAX,5,PANINI,HQ,NÃO,,,,,,,,,,,,,,,,,
GRAPHIC MSP ASTRONAUTA SINGULARIDADE,2,PANINI,HQ,NÃO,,,,,,,,,,,,,,,,,
GRAPHIC MSP CAPITÃO FEIO IDENTIDADE,1,PANINI,HQ,NÃO,,,,,,,,,,,,,,,,,
GRAPHIC MSP CHICO BENTO PAVOR ESPACIAR,1,PANINI,HQ,NÃO,,,,,,,,,,,,,,,,,
GRAPHIC MSP LOUCO FUGA,1,PANINI,HQ,NÃO,,,,,,,,,,,,,,,,,
GRAPHIC MSP MÔNICA CORAGEM,3,PANINI,HQ,SIM,AUTOGRAFADO,,,,,,,,,,,,,,,,
GRAPHIC MSP MÔNICA FORÇA,1,PANINI,HQ,SIM,,,,,,,,,,,,,,,,,
GRAPHIC MSP MÔNICA TESOUROS,2,PANINI,HQ,SIM,,,,,,,,,,,,,,,,,
GRAPHIC MSP PENADINHO VIDA,1,PANINI,HQ,NÃO,,,,,,,,,,,,,,,,,
GRAPHIC MSP TURMA DA MATA MURALHA,1,PANINI,HQ,NÃO,,,,,,,,,,,,,,,,,
GRAPHIC MSP TURMA DA MÔNICA LAÇOS,1,PANINI,HQ,NÃO,,,,,,,,,,,,,,,,,
GRAPHIC MSP TURMA DA MÔNICA LEMBRANÇAS,3,PANINI,HQ,NÃO,,,,,,,,,,,,,,,,,
GRAPHIC MSP TURMA DA MÔNICA LIÇÕES,2,PANINI,HQ,NÃO,,,,,,,,,,,,,,,,,
GREEN LANTERN REVENGE OF THE GREEN LANTERNS,ÚNICA,DC,HQ,NÃO,,,,,,,,,,,,,,,,,
GRENDEL OMNIBUS,1,MYTHOS,HQ,NÃO,,,,,,,,,,,,,,,,,
GUARDIÕES DO LOUVRE,ÚNICA,PIPOCA E NANQUIM,HQ,NÃO,,,,,,,,,,,,,,,,,
GUERRA CIVIL,ÚNICA,PANINI,HQ,SIM,,,,,,,,,,,,,,,,,
GUERRA INFINITA,ÚNICA,PANINI,HQ,SIM,,,,,,,,,,,,,,,,,
GUERRAS SECRETAS HOMEM-ARANHA,1,PANINI,HQ,SIM,,,,,,,,,,,,,,,,,
GUERRAS SECRETAS HOMEM-ARANHA,2,PANINI,HQ,SIM,,,,,,,,,,,,,,,,,
GUERRAS SECRETAS HOMEM-ARANHA,3,PANINI,HQ,SIM,,,,,,,,,,,,,,,,,
HAJIME NO IPPO,1,MPEG,MANGÁ,SIM,,,,,,,,,,,,,,,,,
HAJIME NO IPPO,2,MPEG,MANGÁ,SIM,,,,,,,,,,,,,,,,,
HAJIME NO IPPO,3,MPEG,MANGÁ,SIM,,,,,,,,,,,,,,,,,
HAJIME NO IPPO,4,MPEG,MANGÁ,SIM,,,,,,,,,,,,,,,,,
HAWKMOON A JOIA NEGRA,1,MYTHOS,HQ,NÃO,,,,,,,,,,,,,,,,,
HEAVY METAL ANTHOLOGY,1,MYTHOS,HQ,NÃO,,,,,,,,,,,,,,,,,
HELLBLAZER INFERNAL GARTH ENNIS,1,PANINI,HQ,NÃO,,,,,,,,,,,,,,,,,
HELLBLAZER INFERNAL GARTH ENNIS,2,PANINI,HQ,NÃO,,,,,,,,,,,,,,,,,
HELLBLAZER INFERNAL GARTH ENNIS,3,PANINI,HQ,NÃO,,,,,,,,,,,,,,,,,
HELLBLAZER INFERNAL GARTH ENNIS,4,PANINI,HQ,NÃO,,,,,,,,,,,,,,,,,
HELLBLAZER INFERNAL GARTH ENNIS,5,PANINI,HQ,NÃO,,,,,,,,,,,,,,,,,
HELLBLAZER INFERNAL GARTH ENNIS,6,PANINI,HQ,NÃO,,,,,,,,,,,,,,,,,
HELLBLAZER INFERNAL GARTH ENNIS,7,PANINI,HQ,NÃO,,,,,,,,,,,,,,,,,
HELLBLAZER INFERNAL GARTH ENNIS,8,PANINI,HQ,NÃO,,,,,,,,,,,,,,,,,
HELLBLAZER ORIGENS JAMIE DELANO,1,PANINI,HQ,SIM,,,,,,,,,,,,,,,,,
HELLBLAZER ORIGENS JAMIE DELANO,2,PANINI,HQ,SIM,,,,,,,,,,,,,,,,,
HELLBLAZER ORIGENS JAMIE DELANO,3,PANINI,HQ,SIM,,,,,,,,,,,,,,,,,
HELLBLAZER ORIGENS JAMIE DELANO,4,PANINI,HQ,SIM,,,,,,,,,,,,,,,,,
HELLBLAZER ORIGENS JAMIE DELANO,5,PANINI,HQ,SIM,,,,,,,,,,,,,,,,,
HELLBLAZER ORIGENS JAMIE DELANO,6,PANINI,HQ,SIM,,,,,,,,,,,,,,,,,
HELLBLAZER ORIGENS JAMIE DELANO,7,PANINI,HQ,SIM,,,,,,,,,,,,,,,,,
HELLBLAZER ORIGENS JAMIE DELANO,8,PANINI,HQ,SIM,,,,,,,,,,,,,,,,,
HELLBOY A MORTE DO HELLBOY EDIÇÃO GIGANTE,ÚNICA,MYTHOS,HQ,SIM,,,,,,,,,,,,,,,,,
HELLBOY AINDA MAIS ESTRANHAS MISSÕES,ÚNICA,MYTHOS,LIVRO,NÃO,,,,,,,,,,,,,,,,,
HELLBOY CONTOS BIZARROS EDIÇÃO DE OURO,ÚNICA,MYTHOS,HQ,NÃO,,,,,,,,,,,,,,,,,
HELLBOY EDIÇÃO HISTÓRICA,1,MYTHOS,HQ,SIM,,,,,,,,,,,,,,,,,
HELLBOY EDIÇÃO HISTÓRICA,2,MYTHOS,HQ,SIM,,,,,,,,,,,,,,,,,
HELLBOY EDIÇÃO HISTÓRICA,3,MYTHOS,HQ,SIM,,,,,,,,,,,,,,,,,
HELLBOY EDIÇÃO HISTÓRICA,4,MYTHOS,HQ,SIM,,,,,,,,,,,,,,,,,
HELLBOY EDIÇÃO HISTÓRICA,5,MYTHOS,HQ,SIM,,,,,,,,,,,,,,,,,
HELLBOY EDIÇÃO HISTÓRICA,6,MYTHOS,HQ,SIM,,,,,,,,,,,,,,,,,
HELLBOY EDIÇÃO HISTÓRICA,7,MYTHOS,HQ,SIM,,,,,,,,,,,,,,,,,
HELLBOY EDIÇÃO HISTÓRICA,8,MYTHOS,HQ,SIM,,,,,,,,,,,,,,,,,
HELLBOY EDIÇÃO HISTÓRICA,9,MYTHOS,HQ,SIM,,,,,,,,,,,,,,,,,
HELLBOY EDIÇÃO HISTÓRICA,10,MYTHOS,HQ,SIM,,,,,,,,,,,,,,,,,
HELLBOY EDIÇÃO HISTÓRICA,11,MYTHOS,HQ,SIM,,,,,,,,,,,,,,,,,
HELLBOY HISTÓRIAS CURTAS,2,MYTHOS,HQ,SIM,,,,,,,,,,,,,,,,,
HELLBOY NO INFERNO,1,MYTHOS,HQ,SIM,,,,,,,,,,,,,,,,,
HELLBOY NO INFERNO,2,MYTHOS,HQ,SIM,,,,,,,,,,,,,,,,,
HISTÓRIAS BRILHANTES 10 HQS DE ALAN MOORE,ÚNICA,MYTHOS,HQ,NÃO,,,,,,,,,,,,,,,,,
HOMEM ANIMAL GRANT MORRISON,1,PANINI,HQ,SIM,,,,,,,,,,,,,,,,,
HOMEM ANIMAL GRANT MORRISON,2,PANINI,HQ,NÃO,,,,,,,,,,,,,,,,,
HOMEM ANIMAL GRANT MORRISON,3,PANINI,HQ,NÃO,,,,,,,,,,,,,,,,,
HOMEM ARANHA A SAGA DO CLONE,1,PANINI,HQ,NÃO,,,,,,,,,,,,,,,,,
HOMEM ARANHA A SAGA DO CLONE,2,PANINI,HQ,NÃO,,,,,,,,,,,,,,,,,
HOMEM ARANHA A SAGA DO CLONE,3,PANINI,HQ,NÃO,,,,,,,,,,,,,,,,,
HOMEM ARANHA A SAGA DO CLONE,4,PANINI,HQ,NÃO,,,,,,,,,,,,,,,,,
HOMEM ARANHA A SAGA DO CLONE,5,PANINI,HQ,NÃO,,,,,,,,,,,,,,,,,
HOMEM ARANHA A SAGA DO CLONE,6,PANINI,HQ,NÃO,,,,,,,,,,,,,,,,,
HOMEM ARANHA A SAGA DO CLONE,7,PANINI,HQ,NÃO,,,,,,,,,,,,,,,,,
HOMEM ARANHA A SAGA DO CLONE,8,PANINI,HQ,NÃO,,,,,,,,,,,,,,,,,
HOMEM ARANHA A SAGA DO CLONE,9,PANINI,HQ,NÃO,,,,,,,,,,,,,,,,,
HOMEM ARANHA A SAGA DO CLONE,10,PANINI,HQ,NÃO,,,,,,,,,,,,,,,,,
HOMEM ARANHA A SAGA DO CLONE,11,PANINI,HQ,NÃO,,,,,,,,,,,,,,,,,
HOMEM ARANHA A SAGA DO CLONE,12,PANINI,HQ,NÃO,,,,,,,,,,,,,,,,,
HOMEM ARANHA A SAGA DO CLONE,13,PANINI,HQ,NÃO,,,,,,,,,,,,,,,,,
HOMEM ARANHA A SAGA DO CLONE,14,PANINI,HQ,NÃO,,,,,,,,,,,,,,,,,
HOMEM ARANHA A SAGA DO CLONE,15,PANINI,HQ,NÃO,,,,,,,,,,,,,,,,,
HOMEM ARANHA A SAGA DO CLONE,16,PANINI,HQ,NÃO,,,,,,,,,,,,,,,,,
HOMEM ARANHA A SAGA DO CLONE,17,PANINI,HQ,NÃO,,,,,,,,,,,,,,,,,
HOMEM ARANHA A SAGA DO CLONE,18,PANINI,HQ,NÃO,,,,,,,,,,,,,,,,,
HOMEM ARANHA A SAGA DO CLONE BEN REILLY,1,PANINI,HQ,NÃO,,17/04/2026,,,,,,,,,,,,,,,
HOMEM ARANHA A SAGA DO CLONE BEN REILLY,2,PANINI,HQ,NÃO,,17/04/2026,,,,,,,,,,,,,,,
HOMEM ARANHA A SAGA DO CLONE BEN REILLY,3,PANINI,HQ,NÃO,,26/05/2026,,,,,,,,,,,,,,,
HOMEM ARANHA ANTOLOGIA,ÚNICA,PANINI,HQ,NÃO,,,,,,,,,,,,,,,,,
HOMEM ARANHA AS GRAPHIC NOVELS,ÚNICA,PANINI,HQ,NÃO,,,,,,,,,,,,,,,,,
HOMEM ARANHA HISTÓRIA DE VIDA,ÚNICA,PANINI,HQ,SIM,,,,,,,,,,,,,,,,,
HOMEM ARANHA NEGOCIOS DE FAMILIA,ÚNICA,PANINI,HQ,SIM,,,,,,,,,,,,,,,,,
HOMEM ARANHA O AMIGÃO DA VIZINHANÇA,1,PANINI,HQ,NÃO,,,,,,,,,,,,,,,,,
HOMEM ARANHA O AMIGÃO DA VIZINHANÇA,2,PANINI,HQ,NÃO,,,,,,,,,,,,,,,,,
HOMEM ARANHA POR DAVID MICHELINE E ERIK LARSEN OMNIBUS,ÚNICA,PANINI,HQ,NÃO,,,,,,,,,,,,,,,,,
HOMEM ARANHA POR DAVID MICHELINE E TODD MCFARLANE OMNIBUS,ÚNICA,PANINI,HQ,SIM,,,,,,,,,,,,,,,,,
HOMEM ARANHA RENOVE SEUS VOTOS ,1,PANINI,HQ,SIM,,,,,,,,,,,,,,,,,
HOMEM ARANHA RENOVE SEUS VOTOS ,2,PANINI,HQ,SIM,,,,,,,,,,,,,,,,,
HOMEM ARANHA SUPERIOR,1,PANINI,HQ,SIM,,,,,,,,,,,,,,,,,
HOMEM ARANHA SUPERIOR,2,PANINI,HQ,SIM,,,,,,,,,,,,,,,,,
HOMEM ARANHA SUPERIOR,3,PANINI,HQ,SIM,,,,,,,,,,,,,,,,,
HOMEM ARANHA SUPERIOR,4,PANINI,HQ,SIM,,,,,,,,,,,,,,,,,
HOMEM ARANHA SUPERIOR,5,PANINI,HQ,SIM,,,,,,,,,,,,,,,,,
HOMEM ARANHA SUPERIOR,6,PANINI,HQ,SIM,,,,,,,,,,,,,,,,,
HOMEM ARANHA ÚLTIMO DESEJO,1,PANINI,HQ,SIM,,,,,,,,,,,,,,,,,
HOMEM DE FERRO EXTREMIS,ÚNICA,PANINI,HQ,NÃO,,,,,,,,,,,,,,,,,
HOMEM DE FERRO SÍNDROME DE FRANKSTEIN,ÚNICA,PANINI,HQ,SIM,,,,,,,,,,,,,,,,,
HOMEM-ARANHA,60,PANINI,HQ,SIM,ÍTEM,,,,,,,,,,,,,,,,
HOMEM-ARANHA,60,PANINI,HQ,SIM,AUTOGRAFADO,,,,,,,,,,,,,,,,
HOMEM-ARANHA,61,PANINI,HQ,SIM,,,,,,,,,,,,,,,,,
HOMEM-ARANHA,62,PANINI,HQ,SIM,,,,,,,,,,,,,,,,,
HOMEM-ARANHA,63,PANINI,HQ,SIM,,,,,,,,,,,,,,,,,
HORÁCIO COMPLETO,1,PIPOCA E NANQUIM,HQ,SIM,,,,,,,,,,,,,,,,,
HORÁCIO COMPLETO,2,PIPOCA E NANQUIM,HQ,NÃO,,,,,,,,,,,,,,,,,
HORÁCIO COMPLETO,3,PIPOCA E NANQUIM,HQ,NÃO,,,,,,,,,,,,,,,,,
HORÁCIO COMPLETO,4,PIPOCA E NANQUIM,HQ,NÃO,ÍTEM,,,,,,,,,,,,,,,,
I AM A HERO,1,PANINI,MANGÁ,SIM,,,,,,,,,,,,,,,,,
I AM A HERO,2,PANINI,MANGÁ,SIM,,,,,,,,,,,,,,,,,
I AM A HERO,3,PANINI,MANGÁ,SIM,,,,,,,,,,,,,,,,,
I AM A HERO,4,PANINI,MANGÁ,NÃO,,,,,,,,,,,,,,,,,
I AM A HERO,5,PANINI,MANGÁ,NÃO,,,,,,,,,,,,,,,,,
I AM A HERO,6,PANINI,MANGÁ,NÃO,,,,,,,,,,,,,,,,,
I AM A HERO,8,PANINI,MANGÁ,NÃO,,,,,,,,,,,,,,,,,
I AM A HERO,14,PANINI,MANGÁ,NÃO,,,,,,,,,,,,,,,,,
I AM A HERO,15,PANINI,MANGÁ,NÃO,,,,,,,,,,,,,,,,,
IDENTITY CRISIS,ÚNICA,DC,HQ,NÃO,,,,,,,,,,,,,,,,,
INCAL,1,PIPOCA E NANQUIM,HQ,SIM,,,,,,,,,,,,,,,,,
INCAL,2,PIPOCA E NANQUIM,HQ,NÃO,,,,,,,,,,,,,,,,,
INCAL,3,PIPOCA E NANQUIM,HQ,NÃO,ÍTEM,,,,,,,,,,,,,,,,
INJUSTIÇA DEUSES ENTRE NÓS EDIÇÃO DEFINITIVA,1,PANINI,HQ,SIM,,,,,,,,,,,,,,,,,
INJUSTIÇA DEUSES ENTRE NÓS EDIÇÃO DEFINITIVA,2,PANINI,HQ,SIM,,,,,,,,,,,,,,,,,
INJUSTIÇA DEUSES ENTRE NÓS EDIÇÃO DEFINITIVA,3,PANINI,HQ,SIM,,,,,,,,,,,,,,,,,
INVINCIBLE COMPENDIUM,1,IMAGE,HQ,SIM,,,,,,,,,,,,,,,,,
INVINCIBLE COMPENDIUM,2,IMAGE,HQ,NÃO,,,,,,,,,,,,,,,,,
IZOMBIE,1,PANINI,HQ,SIM,,,,,,,,,,,,,,,,,
JANE,ÚNICA,PIPOCA E NANQUIM,HQ,NÃO,,,,,,,,,,,,,,,,,
JOE GOLEM O DETETIVE DO OCULTO,1,MYTHOS,HQ,NÃO,,,,,,,,,,,,,,,,,
JOE GOLEM O DETETIVE DO OCULTO,3,MYTHOS,HQ,NÃO,,,,,,,,,,,,,,,,,
JOE GOLEM O DETETIVE DO OCULTO,4,MYTHOS,HQ,NÃO,,,,,,,,,,,,,,,,,
JOVENS TITÃS RAVENA,ÚNICA,PANINI,HQ,NÃO,,,,,,,,,,,,,,,,,
JUIZ DREDD ESSENCIAL A GUERRA DO APOCALIPSE,ÚNICA,MYTHOS,HQ,NÃO,,,,,,,,,,,,,,,,,
JUIZ DREDD ESSENCIAL AMERICA,ÚNICA,MYTHOS,HQ,NÃO,,,,,,,,,,,,,,,,,
JUIZ DREDD ESSENCIAL DIA DO JULGAMENTO,ÚNICA,MYTHOS,HQ,NÃO,,,,,,,,,,,,,,,,,
JUIZ DREDD ESSENCIAL EM SERVIÇO DA LEI LIVRO 1,ÚNICA,MYTHOS,HQ,NÃO,,,,,,,,,,,,,,,,,
JUIZ DREDD ESSENCIAL EM SERVIÇO DA LEI LIVRO 2,ÚNICA,MYTHOS,HQ,NÃO,,,,,,,,,,,,,,,,,
JUIZ DREDD MAGAZINE ESPECIAL,ÚNICA,MYTHOS,HQ,NÃO,,,,,,,,,,,,,,,,,
JUIZ DREDD OS CASOS COMPLETOS,1,MYTHOS,HQ,NÃO,,,,,,,,,,,,,,,,,
JUIZ DREDD OS CASOS COMPLETOS,2,MYTHOS,HQ,NÃO,,,,,,,,,,,,,,,,,
JUIZ DREDD OS CASOS COMPLETOS,4,MYTHOS,HQ,NÃO,,,,,,,,,,,,,,,,,
JUIZ DREDD POR BRIAN BOLLAND,ÚNICA,MYTHOS,HQ,NÃO,,,,,,,,,,,,,,,,,
JULIA GRAPHIC NOVEL O CASO DO CRIMINÓLOGO ASSASSINO,2,MYTHOS,HQ,SIM,,,,,,,,,,,,,,,,,
JULIA GRAPHIC NOVEL O CASO DO LUNA PARK,1,MYTHOS,HQ,SIM,,,,,,,,,,,,,,,,,
JUSTIÇA EDIÇÃO DEFINITIVA,ÚNICA,PANINI,HQ,SIM,,,,,,,,,,,,,,,,,
KAGURABACHI,1,PANINI,MANGÁ,SIM,,,,,,,,,,,,,,,,,
KAGURABACHI,2,PANINI,MANGÁ,SIM,,,,,,,,,,,,,,,,,
KAGURABACHI,3,PANINI,MANGÁ,SIM,,,,,,,,,,,,,,,,,
KAGURABACHI,4,PANINI,MANGÁ,SIM,,,,,,,,,,,,,,,,,
KAGURABACHI,5,PANINI,MANGÁ,SIM,,,,,,,,,,,,,,,,,
KAGURABACHI,6,PANINI,MANGÁ,NÃO,,15/05/2026,,,,,,,,,,,,,,,
KEN PARKER,1,MYTHOS,HQ,NÃO,,,,,,,,,,,,,,,,,
KEN PARKER,2,MYTHOS,HQ,NÃO,,,,,,,,,,,,,,,,,
KEN PARKER,3,MYTHOS,HQ,NÃO,,,,,,,,,,,,,,,,,
KEN PARKER,4,MYTHOS,HQ,NÃO,,,,,,,,,,,,,,,,,
KEN PARKER,5,MYTHOS,HQ,NÃO,,,,,,,,,,,,,,,,,
KEN PARKER,14,MYTHOS,HQ,NÃO,,,,,,,,,,,,,,,,,
KEN PARKER,15,MYTHOS,HQ,NÃO,,,,,,,,,,,,,,,,,
KEN PARKER,16,MYTHOS,HQ,NÃO,,,,,,,,,,,,,,,,,
KEN PARKER,17,MYTHOS,HQ,NÃO,,,,,,,,,,,,,,,,,
KEN PARKER,18,MYTHOS,HQ,NÃO,,,,,,,,,,,,,,,,,
KEN PARKER,19,MYTHOS,HQ,NÃO,,,,,,,,,,,,,,,,,
KEN PARKER,20,MYTHOS,HQ,NÃO,,,,,,,,,,,,,,,,,
KEN PARKER,22,MYTHOS,HQ,NÃO,,,,,,,,,,,,,,,,,
KEN PARKER,23,MYTHOS,HQ,NÃO,,,,,,,,,,,,,,,,,
KEN PARKER,24,MYTHOS,HQ,NÃO,,,,,,,,,,,,,,,,,
KEN PARKER,25,MYTHOS,HQ,NÃO,,,,,,,,,,,,,,,,,
KOMI NÃO CONSEGUE SE COMUNICAR,1,PANINI,MANGÁ,SIM,,,,,,,,,,,,,,,,,
LA DANSARINA,ÚNICA,HARPER COLLINS,HQ,NÃO,AUTOGRAFADO,,,,,,,,,,,,,,,,
LADY KILLER,1,DARKSIDE,HQ,SIM,,,,,,,,,,,,,,,,,
LADY KILLER,2,DARKSIDE,HQ,SIM,,,,,,,,,,,,,,,,,
LAERTE MANUAL DO MINOTAURO,ÚNICA,QUADRINHOS NA CIA,HQ,NÃO,,,,,,,,,,,,,,,,,
LAMPIÃO NA TERRA DOS SANTOS VALENTES,ÚNICA,QUADRO9,HQ,NÃO,AUTOGRAFADO,,,,,,,,,,,,,,,,
LANTERNA VERDE A GUERRA DOS ANÉIS,1,PANINI,HQ,NÃO,,,,,,,,,,,,,,,,,
LANTERNA VERDE A GUERRA DOS ANÉIS,2,PANINI,HQ,NÃO,,,,,,,,,,,,,,,,,
LANTERNA VERDE AGENTE LARANJA,ÚNICA,PANINI,HQ,NÃO,,,,,,,,,,,,,,,,,
LANTERNA VERDE HAL JORDAN PROCURADO,ÚNICA,PANINI,HQ,NÃO,,,,,,,,,,,,,,,,,
LANTERNA VERDE ORIGEM SECRETA,ÚNICA,PANINI,HQ,SIM,,,,,,,,,,,,,,,,,
LANTERNA VERDE TROPA DOS LANTERNAS VERDES,ÚNICA,PANINI,HQ,NÃO,,,,,,,,,,,,,,,,,
LANTERNA VERDEA IRA DOS LANTERNAS VERMELHOS,ÚNICA,PANINI,HQ,NÃO,,,,,,,,,,,,,,,,,
LENDAS DO UNIVERSO DC ETRIGAN,1,PANINI,HQ,SIM,,,,,,,,,,,,,,,,,
LENDAS DO UNIVERSO DC ETRIGAN,2,PANINI,HQ,SIM,,,,,,,,,,,,,,,,,
LENDAS DO UNIVERSO DC LANTERNA VERDE E ARQUEIRO VERDE,1,PANINI,HQ,SIM,,,,,,,,,,,,,,,,,
LENDAS DO UNIVERSO DC LANTERNA VERDE E ARQUEIRO VERDE,2,PANINI,HQ,SIM,,,,,,,,,,,,,,,,,
LENDAS DO UNIVERSO DC LANTERNA VERDE E ARQUEIRO VERDE,3,PANINI,HQ,SIM,,,,,,,,,,,,,,,,,
LENDAS DO UNIVERSO DC LIGA DA JUSTIÇA,1,PANINI,HQ,NÃO,,,,,,,,,,,,,,,,,
LENDAS DO UNIVERSO DC LIGA DA JUSTIÇA,2,PANINI,HQ,NÃO,,,,,,,,,,,,,,,,,
LENDAS DO UNIVERSO DC LIGA DA JUSTIÇA,3,PANINI,HQ,NÃO,,,,,,,,,,,,,,,,,
LENDAS DO UNIVERSO DC LIGA DA JUSTIÇA,4,PANINI,HQ,NÃO,,,,,,,,,,,,,,,,,
LENDAS DO UNIVERSO DC LIGA DA JUSTIÇA,5,PANINI,HQ,NÃO,,,,,,,,,,,,,,,,,
LENDAS DO UNIVERSO DC LIGA DA JUSTIÇA,6,PANINI,HQ,NÃO,,,,,,,,,,,,,,,,,
LENDAS DO UNIVERSO DC QUARTO MUNDO,1,PANINI,HQ,NÃO,,,,,,,,,,,,,,,,,
LENDAS DO UNIVERSO DC QUARTO MUNDO,2,PANINI,HQ,NÃO,,,,,,,,,,,,,,,,,
LENDAS DO UNIVERSO DC QUARTO MUNDO,3,PANINI,HQ,NÃO,,,,,,,,,,,,,,,,,
LENDAS DO UNIVERSO DC QUARTO MUNDO,4,PANINI,HQ,NÃO,,,,,,,,,,,,,,,,,
LENDAS DO UNIVERSO DC QUARTO MUNDO,5,PANINI,HQ,NÃO,,,,,,,,,,,,,,,,,
LENDAS DO UNIVERSO DC QUARTO MUNDO,6,PANINI,HQ,NÃO,,,,,,,,,,,,,,,,,
LITTLE WICH ACADEMY,1,JBC,MANGÁ,NÃO,,,,,,,,,,,,,,,,,
LITTLE WICH ACADEMY,2,JBC,MANGÁ,NÃO,,,,,,,,,,,,,,,,,
LITTLE WICH ACADEMY,3,JBC,MANGÁ,NÃO,,,,,,,,,,,,,,,,,
LOBO SOLITARIO,1,PANINI,MANGÁ,NÃO,,,,,,,,,,,,,,,,,
LOBO SOLITARIO,2,PANINI,MANGÁ,NÃO,,,,,,,,,,,,,,,,,
LOKI,ÚNICA,PANINI,HQ,SIM,,,,,,,,,,,,,,,,,
LONE SLOANE,ÚNICA,PIPOCA E NANQUIM,HQ,NÃO,,,,,,,,,,,,,,,,,
LOVECRAFT/POE,ÚNICA,QUADRINHOS NA CIA,HQ,NÃO,,,,,,,,,,,,,,,,,
LUZ QUE FENECE,ÚNICA,PIPOCA E NANQUIM,HQ,NÃO,,,,,,,,,,,,,,,,,
MÁGICO VENTO DELUXE,9,MYTHOS,HQ,NÃO,,,,,,,,,,,,,,,,,
MAIS FORTE QUE A ESPADA,1,PIPOCA E NANQUIM,MANGÁ,NÃO,,,,,,,,,,,,,,,,,
MAIS FORTE QUE A ESPADA,2,PIPOCA E NANQUIM,MANGÁ,NÃO,,,,,,,,,,,,,,,,,
MANARA CAMERA INDISCRETA,ÚNICA,VENETA,HQ,NÃO,,,,,,,,,,,,,,,,,
MANUAL DO TIO PATINHAS,ÚNICA,ABRIL,LIVRO,SIM,,,,,,,,,,,,,,,,,
MARADA A MULHER LOBO,ÚNICA,PIPOCA E NANQUIM,HQ,NÃO,,,,,,,,,,,,,,,,,
MARTIN MYSTERE GIGANTE XANADU,ÚNICA,MYTHOS,HQ,NÃO,,,,,,,,,,,,,,,,,
MARVEL 1602 EDIÇÃO DEFINITIVA,ÚNICA,PANINI,HQ,SIM,,,,,,,,,,,,,,,,,
MAUS,ÚNICA,QUADRINHOS NA CIA,HQ,NÃO,,,,,,,,,,,,,,,,,
MAXWELL O GATO MÁGICO,ÚNICA,PIPOCA E NANQUIM,HQ,NÃO,,,,,,,,,,,,,,,,,
MESMO DELIVERY,ÚNICA,MINO,HQ,SIM,AUTOGRAFADO,,,,,,,,,,,,,,,,
METABARÕES,1,PIPOCA E NANQUIM,HQ,NÃO,,,,,,,,,,,,,,,,,
METABARÕES,2,PIPOCA E NANQUIM,HQ,NÃO,,,,,,,,,,,,,,,,,
METABARÕES,3,PIPOCA E NANQUIM,HQ,NÃO,ÍTEM,,,,,,,,,,,,,,,,
MIYAMOTO MUSASHI,ÚNICA,PIPOCA E NANQUIM,MANGÁ,SIM,,,,,,,,,,,,,,,,,
MOBY DICK,ÚNICA,PIPOCA E NANQUIM,HQ,NÃO,,,,,,,,,,,,,,,,,
MONSTER KANZENBAN,1,PANINI,MANGÁ,SIM,,,,,,,,,,,,,,,,,
MONSTER KANZENBAN,2,PANINI,MANGÁ,SIM,,,,,,,,,,,,,,,,,
MONSTER KANZENBAN,3,PANINI,MANGÁ,NÃO,,,,,,,,,,,,,,,,,
MONSTER KANZENBAN,4,PANINI,MANGÁ,NÃO,,,,,,,,,,,,,,,,,
MONSTER KANZENBAN,5,PANINI,MANGÁ,NÃO,,,,,,,,,,,,,,,,,
MONSTER KANZENBAN,6,PANINI,MANGÁ,NÃO,,,,,,,,,,,,,,,,,
MONSTER KANZENBAN,7,PANINI,MANGÁ,NÃO,,,,,,,,,,,,,,,,,
MONSTER KANZENBAN,8,PANINI,MANGÁ,NÃO,,,,,,,,,,,,,,,,,
MONSTER KANZENBAN,9,PANINI,MANGÁ,NÃO,,,,,,,,,,,,,,,,,
MOONSHADOW,ÚNICA,PIPOCA E NANQUIM,HQ,SIM,,,,,,,,,,,,,,,,,
MORGAN LOST E DYLAN DOG,ÚNICA,MYTHOS,HQ,NÃO,,,,,,,,,,,,,,,,,
MORTE EDIÇÃO DEFINITIVA,ÚNICA,PANINI,HQ,NÃO,,,,,,,,,,,,,,,,,
MS MARVEL APAIXONADA,3,PANINI,HQ,SIM,,,,,,,,,,,,,,,,,
MS MARVEL NADA NORMAL,1,PANINI,HQ,SIM,,,,,,,,,,,,,,,,,
MS MARVEL QUESTÕES MIL,2,PANINI,HQ,SIM,,,,,,,,,,,,,,,,,
MS MARVEL ÚLTIMOS DIAS,4,PANINI,HQ,SIM,,,,,,,,,,,,,,,,,
MUNDO SEM FIM,ÚNICA,PIPOCA E NANQUIM,HQ,NÃO,AUTOGRAFADO,,,,,,,,,,,,,,,,
MUSEU,ÚNICA,PIPOCA E NANQUIM,HQ,NÃO,,,,,,,,,,,,,,,,,
NA MENTE DE SHERLOCK HOLMES,ÚNICA,PIPOCA E NANQUIM,HQ,NÃO,,,,,,,,,,,,,,,,,
NIMONA,ÚNICA,INTRÍNSECA,HQ,SIM,,,,,,,,,,,,,,,,,
NOITE DE TREVAS UMA HISTÓRIA REAL DO BATMAN,ÚNICA,PANINI,HQ,SIM,,,,,,,,,,,,,,,,,
NÓS OS OUTROS,ÚNICA,MYTHOS,HQ,NÃO,,,,,,,,,,,,,,,,,
NOVA YORK A VIDA NA CIDADE GRANDE,ÚNICA,QUADRINHOS NA CIA,HQ,SIM,,,,,,,,,,,,,,,,,
O BEBE DE VALENTINA,ÚNICA,LEPM,HQ,NÃO,,,,,,,,,,,,,,,,,
O BOM ASIÁTICO,ÚNICA,PIPOCA E NANQUIM,HQ,NÃO,,,,,,,,,,,,,,,,,
O DIÁRIO DO CHAVES,ÚNICA,PIPOCA E NANQUIM,LIVRO,SIM,,,,,,,,,,,,,,,,,
O ESPETACULAR HOMEM ARANHA EDIÇÃO DEFINITIVA,1,PANINI,HQ,SIM,,,,,,,,,,,,,,,,,
O ESPETACULAR HOMEM ARANHA EDIÇÃO DEFINITIVA,2,PANINI,HQ,NÃO,,,,,,,,,,,,,,,,,
O ESPETACULAR HOMEM ARANHA EDIÇÃO DEFINITIVA,3,PANINI,HQ,NÃO,,,,,,,,,,,,,,,,,
O ESPETACULAR HOMEM ARANHA EDIÇÃO DEFINITIVA,4,PANINI,HQ,NÃO,,,,,,,,,,,,,,,,,
O ESPETACULAR HOMEM ARANHA EDIÇÃO DEFINITIVA,5,PANINI,HQ,NÃO,,,,,,,,,,,,,,,,,
O ESPETACULAR HOMEM ARANHA EDIÇÃO DEFINITIVA,7,PANINI,HQ,NÃO,,,,,,,,,,,,,,,,,
O ESPETACULAR HOMEM-ARANHA - QUARTA SÉRIE,1,PANINI,HQ,NÃO,,,,,,,,,,,,,,,,,
O ESPETACULAR HOMEM-ARANHA - QUARTA SÉRIE,2,PANINI,HQ,NÃO,,,,,,,,,,,,,,,,,
O ESPETACULAR HOMEM-ARANHA - QUARTA SÉRIE,3,PANINI,HQ,NÃO,,,,,,,,,,,,,,,,,
O ESPETACULAR HOMEM-ARANHA - QUARTA SÉRIE,4,PANINI,HQ,NÃO,,,,,,,,,,,,,,,,,
O ESPETACULAR HOMEM-ARANHA - QUARTA SÉRIE,5,PANINI,HQ,NÃO,,,,,,,,,,,,,,,,,
O ESPETACULAR HOMEM-ARANHA - QUARTA SÉRIE,6,PANINI,HQ,NÃO,,,,,,,,,,,,,,,,,
O ESPETACULAR HOMEM-ARANHA - QUARTA SÉRIE,7,PANINI,HQ,NÃO,,,,,,,,,,,,,,,,,
O ESPETACULAR HOMEM-ARANHA - QUARTA SÉRIE,8,PANINI,HQ,NÃO,,,,,,,,,,,,,,,,,
O ESPETACULAR HOMEM-ARANHA - QUARTA SÉRIE,9,PANINI,HQ,NÃO,,,,,,,,,,,,,,,,,
O ESPETACULAR HOMEM-ARANHA - QUARTA SÉRIE,10,PANINI,HQ,NÃO,,,,,,,,,,,,,,,,,
O ESPETACULAR HOMEM-ARANHA - QUARTA SÉRIE,11,PANINI,HQ,NÃO,,,,,,,,,,,,,,,,,
O ESPETACULAR HOMEM-ARANHA - QUARTA SÉRIE,12,PANINI,HQ,NÃO,,,,,,,,,,,,,,,,,
O ESPETACULAR HOMEM-ARANHA - QUARTA SÉRIE,13,PANINI,HQ,NÃO,,,,,,,,,,,,,,,,,
O ESPETACULAR HOMEM-ARANHA - QUARTA SÉRIE,14,PANINI,HQ,NÃO,,,,,,,,,,,,,,,,,
O ESPETACULAR HOMEM-ARANHA - QUARTA SÉRIE,15,PANINI,HQ,NÃO,,,,,,,,,,,,,,,,,
O ESPETACULAR HOMEM-ARANHA - QUARTA SÉRIE,16,PANINI,HQ,NÃO,,,,,,,,,,,,,,,,,
O ESPETACULAR HOMEM-ARANHA - QUARTA SÉRIE,17,PANINI,HQ,NÃO,,,,,,,,,,,,,,,,,
O ESPETACULAR HOMEM-ARANHA - QUARTA SÉRIE,18,PANINI,HQ,NÃO,,,,,,,,,,,,,,,,,
O ESPETACULAR HOMEM-ARANHA - QUARTA SÉRIE,19,PANINI,HQ,NÃO,,,,,,,,,,,,,,,,,
O ESPETACULAR HOMEM-ARANHA - QUARTA SÉRIE,20,PANINI,HQ,NÃO,,,,,,,,,,,,,,,,,
O ESPETACULAR HOMEM-ARANHA - QUARTA SÉRIE,21,PANINI,HQ,NÃO,,,,,,,,,,,,,,,,,
O ESPETACULAR HOMEM-ARANHA - QUARTA SÉRIE,22,PANINI,HQ,NÃO,,,,,,,,,,,,,,,,,
O ESPETACULAR HOMEM-ARANHA - QUARTA SÉRIE,23,PANINI,HQ,NÃO,,,,,,,,,,,,,,,,,
O ESPETACULAR HOMEM-ARANHA - QUARTA SÉRIE,24,PANINI,HQ,NÃO,,,,,,,,,,,,,,,,,
O ESPETACULAR HOMEM-ARANHA - QUARTA SÉRIE,25,PANINI,HQ,NÃO,,,,,,,,,,,,,,,,,
O ESPETACULAR HOMEM-ARANHA - QUARTA SÉRIE,26,PANINI,HQ,NÃO,,,,,,,,,,,,,,,,,
O ESPETACULAR HOMEM-ARANHA - QUARTA SÉRIE,27,PANINI,HQ,NÃO,,,,,,,,,,,,,,,,,
O ESPETACULAR HOMEM-ARANHA - QUARTA SÉRIE,28,PANINI,HQ,NÃO,,,,,,,,,,,,,,,,,
O ESPETACULAR HOMEM-ARANHA - QUARTA SÉRIE,29,PANINI,HQ,NÃO,,,,,,,,,,,,,,,,,
O ESPETACULAR HOMEM-ARANHA - QUARTA SÉRIE,30,PANINI,HQ,NÃO,,,,,,,,,,,,,,,,,
O ESPETACULAR HOMEM-ARANHA - QUARTA SÉRIE,31,PANINI,HQ,NÃO,,,,,,,,,,,,,,,,,
O ESPETACULAR HOMEM-ARANHA - QUARTA SÉRIE,32,PANINI,HQ,NÃO,,,,,,,,,,,,,,,,,
O ESPETACULAR HOMEM-ARANHA - QUARTA SÉRIE,33,PANINI,HQ,NÃO,,,,,,,,,,,,,,,,,
O ESPETACULAR HOMEM-ARANHA - QUARTA SÉRIE,34,PANINI,HQ,NÃO,,,,,,,,,,,,,,,,,
O ESPETACULAR HOMEM-ARANHA - QUARTA SÉRIE,35,PANINI,HQ,NÃO,,,,,,,,,,,,,,,,,
O ESPETACULAR HOMEM-ARANHA - QUARTA SÉRIE,36,PANINI,HQ,NÃO,,,,,,,,,,,,,,,,,
O ESPETACULAR HOMEM-ARANHA - QUARTA SÉRIE,37,PANINI,HQ,NÃO,,,,,,,,,,,,,,,,,
O ESPETACULAR HOMEM-ARANHA - QUARTA SÉRIE,38,PANINI,HQ,NÃO,,,,,,,,,,,,,,,,,
O ESPETACULAR HOMEM-ARANHA - QUARTA SÉRIE,39,PANINI,HQ,NÃO,,,,,,,,,,,,,,,,,
O ESPETACULAR HOMEM-ARANHA - QUARTA SÉRIE,40,PANINI,HQ,NÃO,,,,,,,,,,,,,,,,,
O ESPETACULAR HOMEM-ARANHA - QUARTA SÉRIE,41,PANINI,HQ,NÃO,,,,,,,,,,,,,,,,,
O ESPETACULAR HOMEM-ARANHA - QUARTA SÉRIE,42,PANINI,HQ,NÃO,,,,,,,,,,,,,,,,,
O ESPETACULAR HOMEM-ARANHA - QUARTA SÉRIE,43,PANINI,HQ,NÃO,,,,,,,,,,,,,,,,,
O ESPETACULAR HOMEM-ARANHA - QUARTA SÉRIE,44,PANINI,HQ,NÃO,,,,,,,,,,,,,,,,,
O ESPETACULAR HOMEM-ARANHA - QUINTA SÉRIE,1,PANINI,HQ,NÃO,,,,,,,,,,,,,,,,,
O ESPETACULAR HOMEM-ARANHA - QUINTA SÉRIE,2,PANINI,HQ,NÃO,,,,,,,,,,,,,,,,,
O ESPETACULAR HOMEM-ARANHA - QUINTA SÉRIE,3,PANINI,HQ,NÃO,,,,,,,,,,,,,,,,,
O ESPETACULAR HOMEM-ARANHA - QUINTA SÉRIE,4,PANINI,HQ,NÃO,,,,,,,,,,,,,,,,,
O ESPETACULAR HOMEM-ARANHA - QUINTA SÉRIE,5,PANINI,HQ,NÃO,,,,,,,,,,,,,,,,,
O ESPETACULAR HOMEM-ARANHA - QUINTA SÉRIE,6,PANINI,HQ,NÃO,,,,,,,,,,,,,,,,,
O ESPETACULAR HOMEM-ARANHA - QUINTA SÉRIE,7,PANINI,HQ,NÃO,,,,,,,,,,,,,,,,,
O ESPETACULAR HOMEM-ARANHA - QUINTA SÉRIE,8,PANINI,HQ,NÃO,,,,,,,,,,,,,,,,,
O ESPETACULAR HOMEM-ARANHA - QUINTA SÉRIE,9,PANINI,HQ,NÃO,,,,,,,,,,,,,,,,,
O ESPETACULAR HOMEM-ARANHA - QUINTA SÉRIE,10,PANINI,HQ,NÃO,,,,,,,,,,,,,,,,,
O ESPETACULAR HOMEM-ARANHA - QUINTA SÉRIE,11,PANINI,HQ,NÃO,,,,,,,,,,,,,,,,,
O ESPETACULAR HOMEM-ARANHA - QUINTA SÉRIE,12,PANINI,HQ,NÃO,,,,,,,,,,,,,,,,,
O ESPETACULAR HOMEM-ARANHA - QUINTA SÉRIE,13,PANINI,HQ,NÃO,,,,,,,,,,,,,,,,,
O ESPETACULAR HOMEM-ARANHA - QUINTA SÉRIE,14,PANINI,HQ,NÃO,,,,,,,,,,,,,,,,,
O ESPETACULAR HOMEM-ARANHA - QUINTA SÉRIE,15,PANINI,HQ,NÃO,,,,,,,,,,,,,,,,,
O ESPETACULAR HOMEM-ARANHA - QUINTA SÉRIE,16,PANINI,HQ,NÃO,,,,,,,,,,,,,,,,,
O ESPETACULAR HOMEM-ARANHA - QUINTA SÉRIE,17,PANINI,HQ,NÃO,,,,,,,,,,,,,,,,,
O ESPETACULAR HOMEM-ARANHA - QUINTA SÉRIE,18,PANINI,HQ,NÃO,,,,,,,,,,,,,,,,,
O ESPETACULAR HOMEM-ARANHA - QUINTA SÉRIE,19,PANINI,HQ,NÃO,,,,,,,,,,,,,,,,,
O ESPETACULAR HOMEM-ARANHA - QUINTA SÉRIE,20,PANINI,HQ,NÃO,,,,,,,,,,,,,,,,,
O ESPETACULAR HOMEM-ARANHA - QUINTA SÉRIE,21,PANINI,HQ,NÃO,,,,,,,,,,,,,,,,,
O ESPETACULAR HOMEM-ARANHA - QUINTA SÉRIE,22,PANINI,HQ,NÃO,,,,,,,,,,,,,,,,,
O ESPETACULAR HOMEM-ARANHA - QUINTA SÉRIE,23,PANINI,HQ,NÃO,,,,,,,,,,,,,,,,,
O ESPETACULAR HOMEM-ARANHA - QUINTA SÉRIE,24,PANINI,HQ,NÃO,,,,,,,,,,,,,,,,,
O ESPETACULAR HOMEM-ARANHA - QUINTA SÉRIE,25,PANINI,HQ,NÃO,,,,,,,,,,,,,,,,,
O ESPETACULAR HOMEM-ARANHA - QUINTA SÉRIE,26,PANINI,HQ,NÃO,,,,,,,,,,,,,,,,,
O ESPETACULAR HOMEM-ARANHA - QUINTA SÉRIE,27,PANINI,HQ,NÃO,,,,,,,,,,,,,,,,,
O ESPETACULAR HOMEM-ARANHA - QUINTA SÉRIE,28,PANINI,HQ,NÃO,,,,,,,,,,,,,,,,,
O ESPETACULAR HOMEM-ARANHA - QUINTA SÉRIE,29,PANINI,HQ,NÃO,,,,,,,,,,,,,,,,,
O ESPETACULAR HOMEM-ARANHA - QUINTA SÉRIE,30,PANINI,HQ,NÃO,,,,,,,,,,,,,,,,,
O ESPETACULAR HOMEM-ARANHA - QUINTA SÉRIE,31,PANINI,HQ,NÃO,,,,,,,,,,,,,,,,,
O ESPETACULAR HOMEM-ARANHA - QUINTA SÉRIE,32,PANINI,HQ,NÃO,,,,,,,,,,,,,,,,,
O ESPETACULAR HOMEM-ARANHA - QUINTA SÉRIE,33,PANINI,HQ,NÃO,,,,,,,,,,,,,,,,,
O ESPETACULAR HOMEM-ARANHA - SEGUNDA SÉRIE,1,PANINI,HQ,NÃO,,,,,,,,,,,,,,,,,
O ESPETACULAR HOMEM-ARANHA - SEGUNDA SÉRIE,2,PANINI,HQ,NÃO,,,,,,,,,,,,,,,,,
O ESPETACULAR HOMEM-ARANHA - SEGUNDA SÉRIE,3,PANINI,HQ,NÃO,,,,,,,,,,,,,,,,,
O ESPETACULAR HOMEM-ARANHA - SEGUNDA SÉRIE,4,PANINI,HQ,NÃO,,,,,,,,,,,,,,,,,
O ESPETACULAR HOMEM-ARANHA - SEGUNDA SÉRIE,5,PANINI,HQ,NÃO,,,,,,,,,,,,,,,,,
O ESPETACULAR HOMEM-ARANHA - SEGUNDA SÉRIE,6,PANINI,HQ,NÃO,,,,,,,,,,,,,,,,,
O ESPETACULAR HOMEM-ARANHA - SEGUNDA SÉRIE,7,PANINI,HQ,NÃO,,,,,,,,,,,,,,,,,
O ESPETACULAR HOMEM-ARANHA - SEGUNDA SÉRIE,8,PANINI,HQ,NÃO,,,,,,,,,,,,,,,,,
O ESPETACULAR HOMEM-ARANHA - SEGUNDA SÉRIE,9,PANINI,HQ,NÃO,,,,,,,,,,,,,,,,,
O ESPETACULAR HOMEM-ARANHA - SEGUNDA SÉRIE,10,PANINI,HQ,NÃO,,,,,,,,,,,,,,,,,
O ESPETACULAR HOMEM-ARANHA - SEGUNDA SÉRIE,11,PANINI,HQ,NÃO,,,,,,,,,,,,,,,,,
O ESPETACULAR HOMEM-ARANHA - SEGUNDA SÉRIE,12,PANINI,HQ,NÃO,,,,,,,,,,,,,,,,,
O ESPETACULAR HOMEM-ARANHA - SEGUNDA SÉRIE,13,PANINI,HQ,NÃO,,,,,,,,,,,,,,,,,
O ESPETACULAR HOMEM-ARANHA - SEXTA SÉRIE,1,PANINI,HQ,SIM,,,,,,,,,,,,,,,,,
O ESPETACULAR HOMEM-ARANHA - SEXTA SÉRIE,2,PANINI,HQ,SIM,,,,,,,,,,,,,,,,,
O ESPETACULAR HOMEM-ARANHA - SEXTA SÉRIE,3,PANINI,HQ,SIM,,,,,,,,,,,,,,,,,
O ESPETACULAR HOMEM-ARANHA - SEXTA SÉRIE,4,PANINI,HQ,SIM,,,,,,,,,,,,,,,,,
O ESPETACULAR HOMEM-ARANHA - SEXTA SÉRIE,5,PANINI,HQ,SIM,,,,,,,,,,,,,,,,,
O ESPETACULAR HOMEM-ARANHA - SEXTA SÉRIE,6,PANINI,HQ,SIM,,,,,,,,,,,,,,,,,
O ESPETACULAR HOMEM-ARANHA - TERCEIRA SÉRIE,1,PANINI,HQ,NÃO,,,,,,,,,,,,,,,,,
O ESPETACULAR HOMEM-ARANHA - TERCEIRA SÉRIE,2,PANINI,HQ,NÃO,,,,,,,,,,,,,,,,,
O ESPETACULAR HOMEM-ARANHA - TERCEIRA SÉRIE,3,PANINI,HQ,NÃO,,,,,,,,,,,,,,,,,
O ESPETACULAR HOMEM-ARANHA - TERCEIRA SÉRIE,4,PANINI,HQ,NÃO,,,,,,,,,,,,,,,,,
O ESPETACULAR HOMEM-ARANHA - TERCEIRA SÉRIE,5,PANINI,HQ,NÃO,,,,,,,,,,,,,,,,,
O ESPETACULAR HOMEM-ARANHA - TERCEIRA SÉRIE,6,PANINI,HQ,NÃO,,,,,,,,,,,,,,,,,
O ESPETACULAR HOMEM-ARANHA - TERCEIRA SÉRIE,7,PANINI,HQ,NÃO,,,,,,,,,,,,,,,,,
O ESPETACULAR HOMEM-ARANHA - TERCEIRA SÉRIE,8,PANINI,HQ,NÃO,,,,,,,,,,,,,,,,,
O ESPETACULAR HOMEM-ARANHA - TERCEIRA SÉRIE,9,PANINI,HQ,NÃO,,,,,,,,,,,,,,,,,
O ESPETACULAR HOMEM-ARANHA - TERCEIRA SÉRIE,10,PANINI,HQ,NÃO,,,,,,,,,,,,,,,,,
O ESPETACULAR HOMEM-ARANHA - TERCEIRA SÉRIE,11,PANINI,HQ,NÃO,,,,,,,,,,,,,,,,,
O ESPETACULAR HOMEM-ARANHA - TERCEIRA SÉRIE,12,PANINI,HQ,NÃO,,,,,,,,,,,,,,,,,
O ESPETACULAR HOMEM-ARANHA - TERCEIRA SÉRIE,13,PANINI,HQ,NÃO,,,,,,,,,,,,,,,,,
O ESPETACULAR HOMEM-ARANHA - TERCEIRA SÉRIE,14,PANINI,HQ,NÃO,,,,,,,,,,,,,,,,,
O ESPETACULAR HOMEM-ARANHA - TERCEIRA SÉRIE,15,PANINI,HQ,NÃO,,,,,,,,,,,,,,,,,
O ESPETACULAR HOMEM-ARANHA - TERCEIRA SÉRIE,16,PANINI,HQ,NÃO,,,,,,,,,,,,,,,,,
O ESPETACULAR HOMEM-ARANHA - TERCEIRA SÉRIE,17,PANINI,HQ,NÃO,,,,,,,,,,,,,,,,,
O ESPETACULAR HOMEM-ARANHA - TERCEIRA SÉRIE,18,PANINI,HQ,NÃO,,,,,,,,,,,,,,,,,
O ESPETACULAR HOMEM-ARANHA - TERCEIRA SÉRIE,19,PANINI,HQ,NÃO,,,,,,,,,,,,,,,,,
O ESPETACULAR HOMEM-ARANHA - TERCEIRA SÉRIE,20,PANINI,HQ,NÃO,,,,,,,,,,,,,,,,,
O ESPETACULAR HOMEM-ARANHA - TERCEIRA SÉRIE,21,PANINI,HQ,NÃO,,,,,,,,,,,,,,,,,
O ESPETACULAR HOMEM-ARANHA - TERCEIRA SÉRIE,22,PANINI,HQ,NÃO,,,,,,,,,,,,,,,,,
O ESPETACULAR HOMEM-ARANHA - TERCEIRA SÉRIE,23,PANINI,HQ,NÃO,,,,,,,,,,,,,,,,,
O ESPETACULAR HOMEM-ARANHA - TERCEIRA SÉRIE,24,PANINI,HQ,NÃO,,,,,,,,,,,,,,,,,
O ESPETACULAR HOMEM-ARANHA - TERCEIRA SÉRIE,25,PANINI,HQ,NÃO,,,,,,,,,,,,,,,,,
O ESPETACULAR HOMEM-ARANHA - TERCEIRA SÉRIE,26,PANINI,HQ,NÃO,,,,,,,,,,,,,,,,,
O ESPETACULAR HOMEM-ARANHA - TERCEIRA SÉRIE,27,PANINI,HQ,NÃO,,,,,,,,,,,,,,,,,
O ESPETACULAR HOMEM-ARANHA - TERCEIRA SÉRIE,28,PANINI,HQ,NÃO,,,,,,,,,,,,,,,,,
O ESPETACULAR HOMEM-ARANHA - TERCEIRA SÉRIE,29,PANINI,HQ,NÃO,,,,,,,,,,,,,,,,,
O ESTRANHO CONTO DA ILHA PANORAMA,ÚNICA,PIPOCA E NANQUIM,MANGÁ,SIM,,,,,,,,,,,,,,,,,
O ETERNAUTA,ÚNICA,PIPOCA E NANQUIM,HQ,NÃO,,,,,,,,,,,,,,,,,
O ETERNAUTA 1969,ÚNICA,COMIX ZONE,HQ,SIM,,,,,,,,,,,,,,,,,
O FANTASMA OMNIBUS,1,MYTHOS,HQ,NÃO,,,,,,,,,,,,,,,,,
O FANTASMA OMNIBUS,2,MYTHOS,HQ,NÃO,,,,,,,,,,,,,,,,,
O FANTASMA OMNIBUS,3,MYTHOS,HQ,NÃO,,,,,,,,,,,,,,,,,
O FANTASMA OMNIBUS,4,MYTHOS,HQ,NÃO,,,,,,,,,,,,,,,,,
O FANTASMA OMNIBUS,5,MYTHOS,HQ,NÃO,,,,,,,,,,,,,,,,,
O FANTASMA OMNIBUS,6,MYTHOS,HQ,NÃO,,,,,,,,,,,,,,,,,
O FANTASMA POR DON NEWTON,ÚNICA,MYTHOS,HQ,NÃO,ÍTEM,,,,,,,,,,,,,,,,
O FANTASMA POR JIM APARO,ÚNICA,MYTHOS,HQ,NÃO,ÍTEM,,,,,,,,,,,,,,,,
O HOBBIT EM QUADRINHOS,ÚNICA,HARPER COLLINS,HQ,NÃO,,,,,,,,,,,,,,,,,
O IMORTAL HULK,1,PANINI,HQ,SIM,,,,,,,,,,,,,,,,,
O IMORTAL HULK,2,PANINI,HQ,SIM,,,,,,,,,,,,,,,,,
O IMORTAL HULK,3,PANINI,HQ,SIM,,,,,,,,,,,,,,,,,
O IMORTAL HULK,4,PANINI,HQ,SIM,,,,,,,,,,,,,,,,,
O IMORTAL HULK,5,PANINI,HQ,SIM,,,,,,,,,,,,,,,,,
O INCRÍVEL HULK PLANETA HULK,ÚNICA,PANINI,HQ,NÃO,,,,,,,,,,,,,,,,,
O MÁSKARA,ÚNICA,PIPOCA E NANQUIM,HQ,SIM,,,,,,,,,,,,,,,,,
O MELHOR DE UM SÁBADO QUALQUER,ÚNICA,INDEPENDENTE,HQ,NÃO,AUTOGRAFADO,,,,,,,,,,,,,,,,
O NINGUÉM ,ÚNICA,PIPOCA E NANQUIM,HQ,SIM,,,,,,,,,,,,,,,,,
O PREÇO DA DESONRA,ÚNICA,PIPOCA E NANQUIM,MANGÁ,SIM,,,,,,,,,,,,,,,,,
O RETORNO DO MESSIAS,ÚNICA,COMIX ZONE,HQ,NÃO,,,,,,,,,,,,,,,,,
O ÚLTIMO VOO DAS BORBOLETAS,ÚNICA,PIPOCA E NANQUIM,MANGÁ,NÃO,,,,,,,,,,,,,,,,,
O VAMPIRO QUE RI,1,PIPOCA E NANQUIM,MANGÁ,NÃO,,,,,,,,,,,,,,,,,
O VAMPIRO QUE RI - PARAISO,2,PIPOCA E NANQUIM,MANGÁ,SIM,,,,,,,,,,,,,,,,,
O VOO DO CORVO,ÚNICA,PIPOCA E NANQUIM,HQ,NÃO,,,,,,,,,,,,,,,,,
OLYMPIA,ÚNICA,PIPOCA E NANQUIM,HQ,SIM,,,,,,,,,,,,,,,,,
ONE PIECE 3 EM 1,1,PANINI,MANGÁ,NÃO,,,,,,,,,,,,,,,,,
ONE PIECE 3 EM 1,2,PANINI,MANGÁ,NÃO,,,,,,,,,,,,,,,,,
ONE PIECE 3 EM 1,3,PANINI,MANGÁ,NÃO,,,,,,,,,,,,,,,,,
ONE PIECE 3 EM 1,4,PANINI,MANGÁ,NÃO,,,,,,,,,,,,,,,,,
ONE PIECE 3 EM 1,5,PANINI,MANGÁ,NÃO,,,,,,,,,,,,,,,,,
ONE PIECE 3 EM 1,6,PANINI,MANGÁ,NÃO,,,,,,,,,,,,,,,,,
ONE PIECE 3 EM 1,7,PANINI,MANGÁ,NÃO,,,,,,,,,,,,,,,,,
ONE PIECE 3 EM 1,8,PANINI,MANGÁ,NÃO,,,,,,,,,,,,,,,,,
ONE PIECE 3 EM 1,9,PANINI,MANGÁ,NÃO,,,,,,,,,,,,,,,,,
ONE PIECE 3 EM 1,10,PANINI,MANGÁ,NÃO,,,,,,,,,,,,,,,,,
ONE PIECE 3 EM 1,11,PANINI,MANGÁ,NÃO,,,,,,,,,,,,,,,,,
ONE PIECE 3 EM 1,12,PANINI,MANGÁ,NÃO,,,,,,,,,,,,,,,,,
ONE PIECE 3 EM 1,13,PANINI,MANGÁ,NÃO,,,,,,,,,,,,,,,,,
ONE PIECE 3 EM 1,14,PANINI,MANGÁ,NÃO,,,,,,,,,,,,,,,,,
ONE PIECE 3 EM 1,15,PANINI,MANGÁ,NÃO,,,,,,,,,,,,,,,,,
ONE PIECE 3 EM 1,16,PANINI,MANGÁ,NÃO,,,,,,,,,,,,,,,,,
ONE PIECE 3 EM 1,17,PANINI,MANGÁ,NÃO,,,,,,,,,,,,,,,,,
ONE PIECE 3 EM 1,18,PANINI,MANGÁ,NÃO,,,,,,,,,,,,,,,,,
ONE PIECE 3 EM 1,19,PANINI,MANGÁ,NÃO,,,,,,,,,,,,,,,,,
ONE PIECE 3 EM 1,20,PANINI,MANGÁ,NÃO,,,,,,,,,,,,,,,,,
ONE PIECE 3 EM 1,21,PANINI,MANGÁ,NÃO,,,,,,,,,,,,,,,,,
ONE PIECE 3 EM 1,22,PANINI,MANGÁ,NÃO,,,,,,,,,,,,,,,,,
ONE PIECE 3 EM 1,23,PANINI,MANGÁ,NÃO,,,,,,,,,,,,,,,,,
ONE PIECE 3 EM 1,24,PANINI,MANGÁ,NÃO,,,,,,,,,,,,,,,,,
ONE PIECE 3 EM 1,25,PANINI,MANGÁ,NÃO,,,,,,,,,,,,,,,,,
ONE PIECE 3 EM 1,26,PANINI,MANGÁ,NÃO,,,,,,,,,,,,,,,,,
ONE PIECE 3 EM 1,27,PANINI,MANGÁ,NÃO,,,,,,,,,,,,,,,,,
ONE PIECE 3 EM 1,28,PANINI,MANGÁ,NÃO,,,,,,,,,,,,,,,,,
ONE PIECE 3 EM 1,29,PANINI,MANGÁ,NÃO,,,,,,,,,,,,,,,,,
ONE PIECE 3 EM 1,30,PANINI,MANGÁ,NÃO,,,,,,,,,,,,,,,,,
ONE PIECE 3 EM 1,31,PANINI,MANGÁ,NÃO,,,,,,,,,,,,,,,,,
ONE PIECE 3 EM 1,32,PANINI,MANGÁ,NÃO,,,,,,,,,,,,,,,,,
ONE PIECE 3 EM 1,33,PANINI,MANGÁ,NÃO,,,,,,,,,,,,,,,,,
ONE PIECE 3 EM 1,34,PANINI,MANGÁ,NÃO,,,,,,,,,,,,,,,,,
ONE PIECE 3 EM 1,35,PANINI,MANGÁ,NÃO,,,,,,,,,,,,,,,,,
ONE PIECE 3 EM 1,36,PANINI,MANGÁ,NÃO,,,,,,,,,,,,,,,,,
ONE PIECE 3 EM 1,37,PANINI,MANGÁ,NÃO,,,,,,,,,,,,,,,,,
ONE PIECE BLUE DEEP,ÚNICA,PANINI,MANGÁ,SIM,,,,,,,,,,,,,,,,,
ONE PIECE EPISODE A,1,PANINI,MANGÁ,SIM,,,,,,,,,,,,,,,,,
ONE PIECE EPISODE A,2,PANINI,MANGÁ,NÃO,,,,,,,,,,,,,,,,,
ONE PIECE GREEN,ÚNICA,PANINI,MANGÁ,NÃO,,,,,,,,,,,,,,,,,
ONE PIECE JAPONES,1,JUMP COMICS,MANGÁ,NÃO,,,,,,,,,,,,,,,,,
ONE PIECE RECEITAS PIRATAS DO SANJI,ÚNICA,PANINI,LIVRO,SIM,,,,,,,,,,,,,,,,,
ONE PIECE RED,ÚNICA,PANINI,MANGÁ,SIM,,,,,,,,,,,,,,,,,
ONE PIECE YELLOW,ÚNICA,PANINI,MANGÁ,NÃO,,,,,,,,,,,,,,,,,
ONE PUNCH MAN,1,PANINI,MANGÁ,SIM,,,,,,,,,,,,,,,,,
ONE PUNCH MAN,2,PANINI,MANGÁ,SIM,,,,,,,,,,,,,,,,,
ONE PUNCH MAN,3,PANINI,MANGÁ,SIM,,,,,,,,,,,,,,,,,
ONE PUNCH MAN,4,PANINI,MANGÁ,SIM,,,,,,,,,,,,,,,,,
ONE PUNCH MAN,5,PANINI,MANGÁ,SIM,,,,,,,,,,,,,,,,,
ONE PUNCH MAN,6,PANINI,MANGÁ,SIM,,,,,,,,,,,,,,,,,
ONE PUNCH MAN,7,PANINI,MANGÁ,SIM,,,,,,,,,,,,,,,,,
ONE PUNCH MAN,8,PANINI,MANGÁ,SIM,,,,,,,,,,,,,,,,,
ONE PUNCH MAN,9,PANINI,MANGÁ,SIM,,,,,,,,,,,,,,,,,
ONE PUNCH MAN,10,PANINI,MANGÁ,SIM,,,,,,,,,,,,,,,,,
ONE PUNCH MAN,11,PANINI,MANGÁ,SIM,,,,,,,,,,,,,,,,,
ONE PUNCH MAN,12,PANINI,MANGÁ,SIM,,,,,,,,,,,,,,,,,
ONE PUNCH MAN,13,PANINI,MANGÁ,SIM,,,,,,,,,,,,,,,,,
ONE PUNCH MAN,14,PANINI,MANGÁ,SIM,,,,,,,,,,,,,,,,,
ONE PUNCH MAN,15,PANINI,MANGÁ,SIM,,,,,,,,,,,,,,,,,
ONE PUNCH MAN,16,PANINI,MANGÁ,SIM,,,,,,,,,,,,,,,,,
ONE PUNCH MAN,17,PANINI,MANGÁ,SIM,,,,,,,,,,,,,,,,,
ONE PUNCH MAN,18,PANINI,MANGÁ,SIM,,,,,,,,,,,,,,,,,
ONE PUNCH MAN,19,PANINI,MANGÁ,SIM,,,,,,,,,,,,,,,,,
ONE PUNCH MAN,20,PANINI,MANGÁ,SIM,,,,,,,,,,,,,,,,,
ONE PUNCH MAN,21,PANINI,MANGÁ,SIM,,,,,,,,,,,,,,,,,
ONE PUNCH MAN,22,PANINI,MANGÁ,SIM,,,,,,,,,,,,,,,,,
ONE PUNCH MAN,23,PANINI,MANGÁ,SIM,,,,,,,,,,,,,,,,,
ONE PUNCH MAN,24,PANINI,MANGÁ,SIM,,,,,,,,,,,,,,,,,
ONE PUNCH MAN,25,PANINI,MANGÁ,SIM,,,,,,,,,,,,,,,,,
ONE PUNCH MAN,26,PANINI,MANGÁ,SIM,,,,,,,,,,,,,,,,,
ONE PUNCH MAN,27,PANINI,MANGÁ,SIM,,,,,,,,,,,,,,,,,
ONE PUNCH MAN,28,PANINI,MANGÁ,SIM,,,,,,,,,,,,,,,,,
ONE PUNCH MAN,29,PANINI,MANGÁ,SIM,,,,,,,,,,,,,,,,,
ONE PUNCH MAN,30,PANINI,MANGÁ,SIM,,,,,,,,,,,,,,,,,
ONE PUNCH MAN,31,PANINI,MANGÁ,SIM,,,,,,,,,,,,,,,,,
ONE PUNCH MAN,32,PANINI,MANGÁ,SIM,,,,,,,,,,,,,,,,,
ONE PUNCH MAN,33,PANINI,MANGÁ,SIM,,,,,,,,,,,,,,,,,
ONE PUNCH MAN,34,PANINI,MANGÁ,SIM,,,,,,,,,,,,,,,,,
OPUS,1,PANINI,MANGÁ,SIM,,,,,,,,,,,,,,,,,
OPUS,2,PANINI,MANGÁ,NÃO,,,,,,,,,,,,,,,,,
OS CAVELEIROS DE HELIÓPOLIS,1,MYTHOS,HQ,NÃO,,,,,,,,,,,,,,,,,
OS CAVELEIROS DE HELIÓPOLIS,2,MYTHOS,HQ,NÃO,,,,,,,,,,,,,,,,,
OS GUARDIÕES DO MASER,1,COMIX ZONE,HQ,SIM,,,,,,,,,,,,,,,,,
OS HEROIS MAIS PODEROSOS DA MARVEL BANSHEE,52,SALVAT,HQ,NÃO,,,,,,,,,,,,,,,,,
OS HEROIS MAIS PODEROSOS DA MARVEL BLADE,38,SALVAT,HQ,NÃO,,,,,,,,,,,,,,,,,
OS HEROIS MAIS PODEROSOS DA MARVEL CAPITÃO AMÉRICA,7,SALVAT,HQ,NÃO,,,,,,,,,,,,,,,,,
OS HEROIS MAIS PODEROSOS DA MARVEL CAPITÃO MARVEL,14,SALVAT,HQ,NÃO,,,,,,,,,,,,,,,,,
OS HEROIS MAIS PODEROSOS DA MARVEL CAVALEIRO NEGRO,53,SALVAT,HQ,NÃO,,,,,,,,,,,,,,,,,
OS HEROIS MAIS PODEROSOS DA MARVEL CICLOPE,13,SALVAT,HQ,NÃO,,,,,,,,,,,,,,,,,
OS HEROIS MAIS PODEROSOS DA MARVEL COLOSSUS,56,SALVAT,HQ,NÃO,,,,,,,,,,,,,,,,,
OS HEROIS MAIS PODEROSOS DA MARVEL DEFENSORES,23,SALVAT,HQ,NÃO,,,,,,,,,,,,,,,,,
OS HEROIS MAIS PODEROSOS DA MARVEL DEMOLIDOR,29,SALVAT,HQ,NÃO,,,,,,,,,,,,,,,,,
OS HEROIS MAIS PODEROSOS DA MARVEL DESTRUTOR,33,SALVAT,HQ,NÃO,,,,,,,,,,,,,,,,,
OS HEROIS MAIS PODEROSOS DA MARVEL DOUTOR ESTRANHO,31,SALVAT,HQ,NÃO,,,,,,,,,,,,,,,,,
OS HEROIS MAIS PODEROSOS DA MARVEL FALCÃO,19,SALVAT,HQ,NÃO,,,,,,,,,,,,,,,,,
OS HEROIS MAIS PODEROSOS DA MARVEL FEITICEIRA ESCARLATE,34,SALVAT,HQ,NÃO,,,,,,,,,,,,,,,,,
OS HEROIS MAIS PODEROSOS DA MARVEL FERA,40,SALVAT,HQ,NÃO,,,,,,,,,,,,,,,,,
OS HEROIS MAIS PODEROSOS DA MARVEL GAVIÃO ARQUEIRO,9,SALVAT,HQ,NÃO,,,,,,,,,,,,,,,,,
OS HEROIS MAIS PODEROSOS DA MARVEL GUARDIÕES DA GALÁXIA,18,SALVAT,HQ,NÃO,,,,,,,,,,,,,,,,,
OS HEROIS MAIS PODEROSOS DA MARVEL HARPIA,28,SALVAT,HQ,NÃO,,,,,,,,,,,,,,,,,
OS HEROIS MAIS PODEROSOS DA MARVEL HÉRCULES,46,SALVAT,HQ,NÃO,,,,,,,,,,,,,,,,,
OS HEROIS MAIS PODEROSOS DA MARVEL HOMEM ARANHA,2,SALVAT,HQ,SIM,,,,,,,,,,,,,,,,,
OS HEROIS MAIS PODEROSOS DA MARVEL HOMEM DE FERRO,5,SALVAT,HQ,NÃO,,,,,,,,,,,,,,,,,
OS HEROIS MAIS PODEROSOS DA MARVEL HOMEM DE GELO,47,SALVAT,HQ,NÃO,,,,,,,,,,,,,,,,,
OS HEROIS MAIS PODEROSOS DA MARVEL HOMEM FORMIGA HANK PYM,45,SALVAT,HQ,NÃO,,,,,,,,,,,,,,,,,
OS HEROIS MAIS PODEROSOS DA MARVEL HULK,4,SALVAT,HQ,SIM,,,,,,,,,,,,,,,,,
OS HEROIS MAIS PODEROSOS DA MARVEL INUMANOS,39,SALVAT,HQ,NÃO,,,,,,,,,,,,,,,,,
OS HEROIS MAIS PODEROSOS DA MARVEL JEAN GREY,59,SALVAT,HQ,NÃO,,,,,,,,,,,,,,,,,
OS HEROIS MAIS PODEROSOS DA MARVEL JUSTICEIRO,24,SALVAT,HQ,NÃO,,,,,,,,,,,,,,,,,
OS HEROIS MAIS PODEROSOS DA MARVEL LUKE CAGE,11,SALVAT,HQ,NÃO,,,,,,,,,,,,,,,,,
OS HEROIS MAIS PODEROSOS DA MARVEL MADROX,27,SALVAT,HQ,NÃO,,,,,,,,,,,,,,,,,
OS HEROIS MAIS PODEROSOS DA MARVEL MAGNUM,50,SALVAT,HQ,NÃO,,,,,,,,,,,,,,,,,
OS HEROIS MAIS PODEROSOS DA MARVEL MERCÚRIO,37,SALVAT,HQ,NÃO,,,,,,,,,,,,,,,,,
OS HEROIS MAIS PODEROSOS DA MARVEL MISS MARVEL,60,SALVAT,HQ,NÃO,,,,,,,,,,,,,,,,,
OS HEROIS MAIS PODEROSOS DA MARVEL MOTOQUEIRO FASNTASMA,49,SALVAT,HQ,NÃO,,,,,,,,,,,,,,,,,
OS HEROIS MAIS PODEROSOS DA MARVEL MULHER INVISÍVEL,16,SALVAT,HQ,NÃO,,,,,,,,,,,,,,,,,
OS HEROIS MAIS PODEROSOS DA MARVEL NAMOR,20,SALVAT,HQ,NÃO,,,,,,,,,,,,,,,,,
OS HEROIS MAIS PODEROSOS DA MARVEL NICK FURY,25,SALVAT,HQ,NÃO,,,,,,,,,,,,,,,,,
OS HEROIS MAIS PODEROSOS DA MARVEL NOTURNO,58,SALVAT,HQ,NÃO,,,,,,,,,,,,,,,,,
OS HEROIS MAIS PODEROSOS DA MARVEL O ANJO,35,SALVAT,HQ,NÃO,,,,,,,,,,,,,,,,,
OS HEROIS MAIS PODEROSOS DA MARVEL O COISA,32,SALVAT,HQ,NÃO,,,,,,,,,,,,,,,,,
OS HEROIS MAIS PODEROSOS DA MARVEL OS FABULOSOS X-MEN,15,SALVAT,HQ,NÃO,,,,,,,,,,,,,,,,,
OS HEROIS MAIS PODEROSOS DA MARVEL OS TRÊS GUERREIROS,12,SALVAT,HQ,NÃO,,,,,,,,,,,,,,,,,
OS HEROIS MAIS PODEROSOS DA MARVEL PANTERA NEGRA,26,SALVAT,HQ,NÃO,,,,,,,,,,,,,,,,,
OS HEROIS MAIS PODEROSOS DA MARVEL POLARIS,43,SALVAT,HQ,NÃO,,,,,,,,,,,,,,,,,
OS HEROIS MAIS PODEROSOS DA MARVEL PROFESSOR X,22,SALVAT,HQ,NÃO,,,,,,,,,,,,,,,,,
OS HEROIS MAIS PODEROSOS DA MARVEL PUNHO DE FERRO,36,SALVAT,HQ,NÃO,,,,,,,,,,,,,,,,,
OS HEROIS MAIS PODEROSOS DA MARVEL QUARTETO FANTÁSTICO,30,SALVAT,HQ,NÃO,,,,,,,,,,,,,,,,,
OS HEROIS MAIS PODEROSOS DA MARVEL SENHOR FANTÁSTICO,57,SALVAT,HQ,NÃO,,,,,,,,,,,,,,,,,
OS HEROIS MAIS PODEROSOS DA MARVEL SHANG CHI,42,SALVAT,HQ,NÃO,,,,,,,,,,,,,,,,,
OS HEROIS MAIS PODEROSOS DA MARVEL SURFISTA PRATEADO,51,SALVAT,HQ,NÃO,,,,,,,,,,,,,,,,,
OS HEROIS MAIS PODEROSOS DA MARVEL TEMPESTADE,54,SALVAT,HQ,NÃO,,,,,,,,,,,,,,,,,
OS HEROIS MAIS PODEROSOS DA MARVEL THOR,41,SALVAT,HQ,NÃO,,,,,,,,,,,,,,,,,
OS HEROIS MAIS PODEROSOS DA MARVEL TOCHA HUMANA JHONNY STORM,55,SALVAT,HQ,NÃO,,,,,,,,,,,,,,,,,
OS HEROIS MAIS PODEROSOS DA MARVEL TOCHA HUMANA JIM HAMMOND,8,SALVAT,HQ,NÃO,,,,,,,,,,,,,,,,,
OS HEROIS MAIS PODEROSOS DA MARVEL VALQUIRIA,21,SALVAT,HQ,NÃO,,,,,,,,,,,,,,,,,
OS HEROIS MAIS PODEROSOS DA MARVEL VESPA,48,SALVAT,HQ,NÃO,,,,,,,,,,,,,,,,,
OS HEROIS MAIS PODEROSOS DA MARVEL VINGADORES,1,SALVAT,HQ,NÃO,,,,,,,,,,,,,,,,,
OS HEROIS MAIS PODEROSOS DA MARVEL VISÃO,17,SALVAT,HQ,NÃO,,,,,,,,,,,,,,,,,
OS HEROIS MAIS PODEROSOS DA MARVEL VIUVA NEGRA,6,SALVAT,HQ,NÃO,,,,,,,,,,,,,,,,,
OS HEROIS MAIS PODEROSOS DA MARVEL WARLOCK,44,SALVAT,HQ,NÃO,,,,,,,,,,,,,,,,,
OS HEROIS MAIS PODEROSOS DA MARVEL WOLVERINE,3,SALVAT,HQ,SIM,,,,,,,,,,,,,,,,,
OS HEROIS MAIS PODEROSOS DA MARVEL X-MEN,10,SALVAT,HQ,NÃO,,,,,,,,,,,,,,,,,
OS INVISÍVEIS GRANT MORRISON,1,PANINI,HQ,NÃO,,,,,,,,,,,,,,,,,
OS LEÕES DE BAGDÁ,ÚNICA,PANINI,HQ,SIM,,,,,,,,,,,,,,,,,
OS LIVROS DO DESTINO,ÚNICA,PANINI,HQ,SIM,,,,,,,,,,,,,,,,,
OS MITOS DE CTHULHU,ÚNICA,PIPOCA E NANQUIM,HQ,NÃO,,,,,,,,,,,,,,,,,
OS NOVOS VINGADORES A BUSCA PELO MAGO SUPREMO,ÚNICA,PANINI,HQ,SIM,,,,,,,,,,,,,,,,,
OS NOVOS VINGADORES ILLUMINATI,ÚNICA,PANINI,HQ,SIM,,,,,,,,,,,,,,,,,
OS NOVOS VINGADORES MOTIM,ÚNICA,PANINI,HQ,NÃO,,,,,,,,,,,,,,,,,
OS NOVOS VINGADORES REVOLUÇÃO,ÚNICA,PANINI,HQ,NÃO,,,,,,,,,,,,,,,,,
OS PODEROSOS VINGADORES A INICIATIVA ULTRON,ÚNICA,PANINI,HQ,SIM,,,,,,,,,,,,,,,,,
OS SMURFS INTEGRAL,1,COMIX ZONE,HQ,SIM,,,,,,,,,,,,,,,,,
PAPER GIRLS,1,DEVIR,HQ,SIM,,,,,,,,,,,,,,,,,
PARACUELLOS,1,COMIX ZONE,HQ,SIM,,,,,,,,,,,,,,,,,
PARAÍSO X,ÚNICA,PANINI,HQ,NÃO,,,,,,,,,,,,,,,,,
PARQUE CHAS,ÚNICA,COMIX ZONE,HQ,NÃO,,,,,,,,,,,,,,,,,
PATO DONALD A CIDADE FANTASMA,ÚNICA,ABRIL,HQ,NÃO,,,,,,,,,,,,,,,,,
PATO DONALD A NOITE DAS BRUXAS,ÚNICA,ABRIL,HQ,NÃO,,,,,,,,,,,,,,,,,
PATO DONALD EM BUSCA DO UNICORNIO,ÚNICA,ABRIL,HQ,NÃO,,,,,,,,,,,,,,,,,
PATO DONALD NATAL NAS MONTANHAS,ÚNICA,ABRIL,HQ,NÃO,,,,,,,,,,,,,,,,,
PATO DONALD O PAPAGAIO CONTADOR,ÚNICA,ABRIL,HQ,NÃO,,,,,,,,,,,,,,,,,
PATO DONALD O SEGREDO DO CASTELO,ÚNICA,ABRIL,HQ,NÃO,,,,,,,,,,,,,,,,,
PATO DONALD O VIL METAL E OS VILOES,ÚNICA,ABRIL,HQ,NÃO,,,,,,,,,,,,,,,,,
PATRULHA DO DESTINO GRANT MORRISON,1,PANINI,HQ,NÃO,,,,,,,,,,,,,,,,,
PATRULHA DO DESTINO GRANT MORRISON,2,PANINI,HQ,NÃO,,,,,,,,,,,,,,,,,
PATRULHA DO DESTINO GRANT MORRISON,3,PANINI,HQ,NÃO,,,,,,,,,,,,,,,,,
PATRULHA DO DESTINO GRANT MORRISON,4,PANINI,HQ,NÃO,,,,,,,,,,,,,,,,,
PATRULHA DO DESTINO GRANT MORRISON,5,PANINI,HQ,NÃO,,,,,,,,,,,,,,,,,
PATRULHA DO DESTINO GRANT MORRISON,6,PANINI,HQ,NÃO,,,,,,,,,,,,,,,,,
PAUL EM CASA,ÚNICA,COMIX ZONE,HQ,NÃO,,,,,,,,,,,,,,,,,
PETER PUNK,ÚNICA,COMIX ZONE,HQ,SIM,,,,,,,,,,,,,,,,,
PILULAS AZUIS,ÚNICA,NEMO,HQ,SIM,,,,,,,,,,,,,,,,,
POPEYE UM HOMEM AO MAR,ÚNICA,SKRIPT,HQ,SIM,AUTOGRAFADO,,,,,,,,,,,,,,,,
POR DEUS OU PELO ACASO,ÚNICA,PIPOCA E NANQUIM,HQ,SIM,,,,,,,,,,,,,,,,,
POWER RANGERS E TARTARUGAS NINJA,1,PIPOCA E NANQUIM,HQ,SIM,,,,,,,,,,,,,,,,,
POWER RANGERS E TARTARUGAS NINJA,2,PIPOCA E NANQUIM,HQ,SIM,,,,,,,,,,,,,,,,,
PREACHER,1,PANINI,HQ,NÃO,,,,,,,,,,,,,,,,,
PREACHER,2,PANINI,HQ,NÃO,,,,,,,,,,,,,,,,,
PREACHER,3,PANINI,HQ,NÃO,,,,,,,,,,,,,,,,,
PREACHER,4,PANINI,HQ,NÃO,,,,,,,,,,,,,,,,,
PREACHER,5,PANINI,HQ,NÃO,,,,,,,,,,,,,,,,,
PREACHER,6,PANINI,HQ,NÃO,,,,,,,,,,,,,,,,,
PREACHER,7,PANINI,HQ,NÃO,,,,,,,,,,,,,,,,,
PREACHER,8,PANINI,HQ,NÃO,,,,,,,,,,,,,,,,,
PREACHER,9,PANINI,HQ,NÃO,,,,,,,,,,,,,,,,,
PTSD RADIO,1,PIPOCA E NANQUIM,MANGÁ,NÃO,,,,,,,,,,,,,,,,,
PTSD RADIO,2,PIPOCA E NANQUIM,MANGÁ,NÃO,,,,,,,,,,,,,,,,,
PTSD RADIO,3,PIPOCA E NANQUIM,MANGÁ,NÃO,,,,,,,,,,,,,,,,,
PUNK ROCK JESUS,ÚNICA,PANINI,HQ,SIM,,,,,,,,,,,,,,,,,
PURGATÓRIO,ÚNICA,PIPOCA E NANQUIM,HQ,NÃO,,,,,,,,,,,,,,,,,
RAMTHAR,ÚNICA,MYTHOS,HQ,SIM,,,,,,,,,,,,,,,,,
RECADO A ADOLF,1,PIPOCA E NANQUIM,MANGÁ,SIM,,,,,,,,,,,,,,,,,
RECADO A ADOLF,2,PIPOCA E NANQUIM,MANGÁ,SIM,,,,,,,,,,,,,,,,,
RECRUTA ZERO EDIÇÃO HISTÓRICA,ÚNICA,MYTHOS,HQ,NÃO,,,,,,,,,,,,,,,,,
REI CONAN OMNIBUS,1,MYTHOS,HQ,NÃO,,,,,,,,,,,,,,,,,
REI SPAWN,1,PANINI,HQ,NÃO,,,,,,,,,,,,,,,,,
REINO DO AMANHÃ EDIÇÃO DEFINITIVA,ÚNICA,PANINI,HQ,SIM,,,,,,,,,,,,,,,,,
REQUIÉM,4,MYTHOS,HQ,NÃO,,,,,,,,,,,,,,,,,
RETALHOS,ÚNICA,QUADRINHOS NA CIA,HQ,NÃO,,,,,,,,,,,,,,,,,
RISCA FACA,ÚNICA,MONSTRA,HQ,NÃO,,,,,,,,,,,,,,,,,
RONIN EDIÇÃO DEFINITIVA,ÚNICA,PANINI,HQ,SIM,,,,,,,,,,,,,,,,,
ROSEIRA MEDALHA E ENGENHO,ÚNICA,PIPOCA E NANQUIM,HQ,NÃO,AUTOGRAFADO,,,,,,,,,,,,,,,,
RUROUNI KENSHIN,1,JBC,MANGÁ,,,,,,,,,,,,,,,,,,
RUROUNI KENSHIN,2,JBC,MANGÁ,,,,,,,,,,,,,,,,,,
RUROUNI KENSHIN,3,JBC,MANGÁ,,,,,,,,,,,,,,,,,,
RUROUNI KENSHIN,4,JBC,MANGÁ,,,,,,,,,,,,,,,,,,
RUROUNI KENSHIN,5,JBC,MANGÁ,,,,,,,,,,,,,,,,,,
RUROUNI KENSHIN,6,JBC,MANGÁ,,,,,,,,,,,,,,,,,,
RUROUNI KENSHIN,7,JBC,MANGÁ,,,,,,,,,,,,,,,,,,
RUROUNI KENSHIN,8,JBC,MANGÁ,,,,,,,,,,,,,,,,,,
RUROUNI KENSHIN,9,JBC,MANGÁ,,,,,,,,,,,,,,,,,,
RUROUNI KENSHIN,10,JBC,MANGÁ,,,,,,,,,,,,,,,,,,
RUROUNI KENSHIN,11,JBC,MANGÁ,,,,,,,,,,,,,,,,,,
RUROUNI KENSHIN,12,JBC,MANGÁ,,,,,,,,,,,,,,,,,,
RUROUNI KENSHIN,13,JBC,MANGÁ,,,,,,,,,,,,,,,,,,
RUROUNI KENSHIN,14,JBC,MANGÁ,,,,,,,,,,,,,,,,,,
RUROUNI KENSHIN,15,JBC,MANGÁ,,,,,,,,,,,,,,,,,,
RUROUNI KENSHIN,16,JBC,MANGÁ,,,,,,,,,,,,,,,,,,
RUROUNI KENSHIN,17,JBC,MANGÁ,,,,,,,,,,,,,,,,,,
RUROUNI KENSHIN,18,JBC,MANGÁ,,,,,,,,,,,,,,,,,,
RUROUNI KENSHIN,19,JBC,MANGÁ,,,,,,,,,,,,,,,,,,
RUROUNI KENSHIN,20,JBC,MANGÁ,,,,,,,,,,,,,,,,,,
RUROUNI KENSHIN,21,JBC,MANGÁ,,,,,,,,,,,,,,,,,,
RUROUNI KENSHIN,22,JBC,MANGÁ,,,,,,,,,,,,,,,,,,
RUROUNI KENSHIN,23,JBC,MANGÁ,,,,,,,,,,,,,,,,,,
RUROUNI KENSHIN,24,JBC,MANGÁ,,,,,,,,,,,,,,,,,,
RUROUNI KENSHIN,25,JBC,MANGÁ,,,,,,,,,,,,,,,,,,
RUROUNI KENSHIN,26,JBC,MANGÁ,,,,,,,,,,,,,,,,,,
RUROUNI KENSHIN,27,JBC,MANGÁ,,,,,,,,,,,,,,,,,,
RUROUNI KENSHIN,28,JBC,MANGÁ,,,,,,,,,,,,,,,,,,
RUROUNI KENSHIN A SAKABATOU DE YAHIKO,ÚNICA,JBC,MANGÁ,,,,,,,,,,,,,,,,,,
RUROUNI KENSHIN VERSÃO DO AUTOR,1,JBC,MANGÁ,SIM,,,,,,,,,,,,,,,,,
RUROUNI KENSHIN VERSÃO DO AUTOR,2,JBC,MANGÁ,SIM,,,,,,,,,,,,,,,,,
SAGA,1,IMAGE,HQ,NÃO,,,,,,,,,,,,,,,,,
SAGA,2,IMAGE,HQ,NÃO,,,,,,,,,,,,,,,,,
SAGA,3,IMAGE,HQ,NÃO,,,,,,,,,,,,,,,,,
SANDMAN EDIÇÃO DEFINITIVA,1,PANINI,HQ,SIM,,,,,,,,,,,,,,,,,
SANDMAN EDIÇÃO DEFINITIVA,2,PANINI,HQ,NÃO,,,,,,,,,,,,,,,,,
SANDMAN EDIÇÃO DEFINITIVA,3,PANINI,HQ,NÃO,,,,,,,,,,,,,,,,,
SANDMAN EDIÇÃO DEFINITIVA,4,PANINI,HQ,NÃO,,,,,,,,,,,,,,,,,
SANDMAN EDIÇÃO DEFINITIVA,5,PANINI,HQ,NÃO,,,,,,,,,,,,,,,,,
SANDMAN PRELÚDIO EDIÇÃO DEFINITIVA,ÚNICA,PANINI,HQ,NÃO,,,,,,,,,,,,,,,,,
SANDMAN TEATRO DO MISTÉRIO O TARANTULA,1,PANINI,HQ,NÃO,,,,,,,,,,,,,,,,,
SAPIENS O NASCIMENTO DA HUMANIDADE,1,QUADRINHOS NA CIA,HQ,NÃO,,,,,,,,,,,,,,,,,
SATSUMA GISHIDEN,1,PIPOCA E NANQUIM,MANGÁ,SIM,,,,,,,,,,,,,,,,,
SATSUMA GISHIDEN,2,PIPOCA E NANQUIM,MANGÁ,NÃO,,,,,,,,,,,,,,,,,
SATSUMA GISHIDEN,3,PIPOCA E NANQUIM,MANGÁ,NÃO,,,,,,,,,,,,,,,,,
SAWALA,ÚNICA,PIPOCA E NANQUIM,HQ,SIM,,,,,,,,,,,,,,,,,
SENHOR MILAGRE,1,PANINI,HQ,SIM,,,,,,,,,,,,,,,,,
SENHOR MILAGRE,2,PANINI,HQ,SIM,,,,,,,,,,,,,,,,,
SENSE LIFE,1,MPEG,MANGÁ,NÃO,AUTOGRAFADO,,,,,,,,,,,,,,,,
SHADE O HOMEM MUTÁVEL PETER MILLIGAN,1,PANINI,HQ,SIM,,,,,,,,,,,,,,,,,
SHADE O HOMEM MUTÁVEL PETER MILLIGAN,2,PANINI,HQ,SIM,,,,,,,,,,,,,,,,,
SHADE O HOMEM MUTÁVEL PETER MILLIGAN,3,PANINI,HQ,SIM,,,,,,,,,,,,,,,,,
SHAZAM E A SOCIEDADE DOS MONSTROS,ÚNICA,PANINI,HQ,SIM,,,,,,,,,,,,,,,,,
SHERLOCK,1,PANINI,MANGÁ,SIM,,,,,,,,,,,,,,,,,
SHERLOCK,2,PANINI,MANGÁ,SIM,,,,,,,,,,,,,,,,,
SHERLOCK,3,PANINI,MANGÁ,NÃO,,,,,,,,,,,,,,,,,
SHERLOCK,4,PANINI,MANGÁ,NÃO,,,,,,,,,,,,,,,,,
SHIGURUI FRENESI DA MORTE,1,PIPOCA E NANQUIM,MANGÁ,SIM,,,,,,,,,,,,,,,,,
SHIGURUI FRENESI DA MORTE,2,PIPOCA E NANQUIM,MANGÁ,SIM,,,,,,,,,,,,,,,,,
SHIGURUI FRENESI DA MORTE,3,PIPOCA E NANQUIM,MANGÁ,SIM,,,,,,,,,,,,,,,,,
SHIGURUI FRENESI DA MORTE,4,PIPOCA E NANQUIM,MANGÁ,SIM,,,,,,,,,,,,,,,,,
SHIGURUI FRENESI DA MORTE,5,PIPOCA E NANQUIM,MANGÁ,SIM,,,,,,,,,,,,,,,,,
SKYMASTERS DA FORÇA ESPACIAL,ÚNICA,PIPOCA E NANQUIM,HQ,NÃO,,,,,,,,,,,,,,,,,
SLAINE MATADOR DE DEMÔNIOS,ÚNICA,MYTHOS,HQ,NÃO,,,,,,,,,,,,,,,,,
SÓ AS MELHORES PAULO MOREIRA,ÚNICA,CONRAD,HQ,SIM,,,,,,,,,,,,,,,,,
SOB O SOLO,ÚNICA,PIPOCA E NANQUIM,HQ,NÃO,,,,,,,,,,,,,,,,,
SPAWN ATUAL,1,PANINI,HQ,NÃO,,,,,,,,,,,,,,,,,
SPAWN ATUAL,2,PANINI,HQ,NÃO,,,,,,,,,,,,,,,,,
SPAWN ATUAL,3,PANINI,HQ,NÃO,,,,,,,,,,,,,,,,,
SPAWN ATUAL,4,PANINI,HQ,NÃO,,,,,,,,,,,,,,,,,
SPAWN ATUAL,5,PANINI,HQ,NÃO,,,,,,,,,,,,,,,,,
SPAWN ATUAL,6,PANINI,HQ,NÃO,,,,,,,,,,,,,,,,,
SPAWN ATUAL,7,PANINI,HQ,NÃO,,,,,,,,,,,,,,,,,
SPAWN ATUAL,8,PANINI,HQ,NÃO,,,,,,,,,,,,,,,,,
SPAWN ATUAL,9,PANINI,HQ,NÃO,,26/04/2026,,,,,,,,,,,,,,,
SPAWN ATUAL,10,PANINI,HQ,NÃO,,26/04/2026,,,,,,,,,,,,,,,
SPAWN ATUAL,11,PANINI,HQ,NÃO,,26/04/2026,,,,,,,,,,,,,,,
SPAWN ESPECIAL FEUDO DE SANGUE,2,PANINI,HQ,NÃO,,,,,,,,,,,,,,,,,
SPAWN ESPECIAL VIOLADOR,1,PANINI,HQ,NÃO,,,,,,,,,,,,,,,,,
SPAWN ORIGENS,1,PANINI,HQ,NÃO,,,,,,,,,,,,,,,,,
SPAWN ORIGENS,2,PANINI,HQ,NÃO,,,,,,,,,,,,,,,,,
SPAWN ORIGENS,3,PANINI,HQ,NÃO,,,,,,,,,,,,,,,,,
SPAWN ORIGENS,4,PANINI,HQ,NÃO,,,,,,,,,,,,,,,,,
SPAWN ORIGENS,5,PANINI,HQ,NÃO,,,,,,,,,,,,,,,,,
SPAWN ORIGENS,6,PANINI,HQ,NÃO,,,,,,,,,,,,,,,,,
SPAWN ORIGENS,7,PANINI,HQ,NÃO,,,,,,,,,,,,,,,,,
SPAWN ORIGENS,8,PANINI,HQ,NÃO,,,,,,,,,,,,,,,,,
SPAWN ORIGENS,9,PANINI,HQ,NÃO,,,,,,,,,,,,,,,,,
SPAWN ORIGENS,10,PANINI,HQ,NÃO,,,,,,,,,,,,,,,,,
SPAWN ORIGENS,11,PANINI,HQ,NÃO,,,,,,,,,,,,,,,,,
SPAWN ORIGENS,12,PANINI,HQ,NÃO,,,,,,,,,,,,,,,,,
SPAWN ORIGENS,13,PANINI,HQ,NÃO,,,,,,,,,,,,,,,,,
SPAWN ORIGENS,14,PANINI,HQ,NÃO,,,,,,,,,,,,,,,,,
SPAWN ORIGENS,15,PANINI,HQ,NÃO,,,,,,,,,,,,,,,,,
SPAWN ORIGENS,16,PANINI,HQ,NÃO,,26/04/2026,,,,,,,,,,,,,,,
SPAWN ORIGENS,17,PANINI,HQ,NÃO,,26/04/2026,,,,,,,,,,,,,,,
SPAWN ORIGENS,18,PANINI,HQ,NÃO,,26/04/2026,,,,,,,,,,,,,,,
SPECTREMAN,1,PIPOCA E NANQUIM,MANGÁ,NÃO,,,,,,,,,,,,,,,,,
SPECTREMAN,2,PIPOCA E NANQUIM,MANGÁ,NÃO,,,,,,,,,,,,,,,,,
SPECTREMAN,3,PIPOCA E NANQUIM,MANGÁ,NÃO,,,,,,,,,,,,,,,,,
SPECTREMAN,4,PIPOCA E NANQUIM,MANGÁ,NÃO,,,,,,,,,,,,,,,,,
SPIDEY FIRST DAY,ÚNICA,MARVEL,HQ,NÃO,,,,,,,,,,,,,,,,,
STAR WARS A ERA CLÁSSICA OMNIBUS,1,PANINI,HQ,NÃO,,,,,,,,,,,,,,,,,
STAR WARS CONFRONTO NA LUA DOS CONTRABANDISTAS,2,PANINI,HQ,NÃO,,,,,,,,,,,,,,,,,
STAR WARS SKYWALKER ATACA,1,PANINI,HQ,SIM,,,,,,,,,,,,,,,,,
SUPERMAN ALIENÍGENA AMERICANO,ÚNICA,PANINI,HQ,NÃO,,,,,,,,,,,,,,,,,
SUPERMAN AS QUATRO ESTAÇÕES,ÚNICA,PANINI,HQ,SIM,,,,,,,,,,,,,,,,,
SUPERMAN E BATMAN OS MELHORES DO MUNDO,ÚNICA,PANINI,HQ,NÃO,,,,,,,,,,,,,,,,,
SUPERMAN ENTRE A FOCIE E O MARTELO,ÚNICA,PANINI,HQ,SIM,,,,,,,,,,,,,,,,,
SURFISTA PRATEADO PARÁBOLA,ÚNICA,PANINI,HQ,SIM,,,,,,,,,,,,,,,,,
TARTARUGAS NINJA COLEÇÃO CLÁSSICA,1,PIPOCA E NANQUIM,HQ,SIM,,,,,,,,,,,,,,,,,
TARTARUGAS NINJA COLEÇÃO CLÁSSICA,2,PIPOCA E NANQUIM,HQ,SIM,ÍTEM,,,,,,,,,,,,,,,,
TARTARUGAS NINJA COLEÇÃO CLÁSSICA,3,PIPOCA E NANQUIM,HQ,SIM,,,,,,,,,,,,,,,,,
TARTARUGAS NINJA COLEÇÃO CLÁSSICA,4,PIPOCA E NANQUIM,HQ,SIM,,,,,,,,,,,,,,,,,
TARTARUGAS NINJA COLEÇÃO CLÁSSICA,5,PIPOCA E NANQUIM,HQ,SIM,,,,,,,,,,,,,,,,,
TARTARUGAS NINJA COLEÇÃO CLÁSSICA,6,PIPOCA E NANQUIM,HQ,SIM,,,,,,,,,,,,,,,,,
TARTARUGAS NINJA IDW,1,PIPOCA E NANQUIM,HQ,SIM,,,,,,,,,,,,,,,,,
TARTARUGAS NINJA IDW,2,PIPOCA E NANQUIM,HQ,SIM,,,,,,,,,,,,,,,,,
TARTARUGAS NINJA O ÚLTIMO RONIN,ÚNICA,PIPOCA E NANQUIM,HQ,SIM,,,,,,,,,,,,,,,,,
TARTARUGAS NINJA O ÚLTIMO RONIN  ANOS PERDIDOS,ÚNICA,PIPOCA E NANQUIM,HQ,NÃO,,,,,,,,,,,,,,,,,
TEX GRAPHIC NOVEL A LENDA DE YELLOW BIRD,13,MYTHOS,HQ,NÃO,,,,,,,,,,,,,,,,,
TEX GRAPHIC NOVEL RÁPIDA E MORTAL,14,MYTHOS,HQ,NÃO,,,,,,,,,,,,,,,,,
TEX OMNIBUS,1,MYTHOS,HQ,NÃO,,,,,,,,,,,,,,,,,
TEX OMNIBUS,2,MYTHOS,HQ,NÃO,,,,,,,,,,,,,,,,,
TEX OMNIBUS,3,MYTHOS,HQ,NÃO,,,,,,,,,,,,,,,,,
TEX OMNIBUS,5,MYTHOS,HQ,NÃO,,,,,,,,,,,,,,,,,
TEX OMNIBUS,6,MYTHOS,HQ,NÃO,,,,,,,,,,,,,,,,,
THANOS RETORNA,1,PANINI,HQ,SIM,,,,,,,,,,,,,,,,,
THE BEATLES YELLOW SUBMARINE,ÚNICA,DARKSIDE,HQ,SIM,,,,,,,,,,,,,,,,,
THE GHOST IN THE SHELL,1,JBC,MANGÁ,SIM,,,,,,,,,,,,,,,,,
THE NEW TEEN TITAN OMNIBUS,1,DC,HQ,NÃO,,,,,,,,,,,,,,,,,
THE PLANETARY OMNIBUS,ÚNICA,DC,HQ,NÃO,,,,,,,,,,,,,,,,,
THOR VIKINGS,ÚNICA,PANINI,HQ,SIM,,,,,,,,,,,,,,,,,
THORGAL SÉRIE CLÁSSICA,1,PIPOCA E NANQUIM,HQ,NÃO,,,,,,,,,,,,,,,,,
TIO PATINHAS E PATO DONALD A FILHA DO SOL,ÚNICA,ABRIL,HQ,NÃO,,,,,,,,,,,,,,,,,
TIO PATINHAS E PATO DONALD O PATO MAIS RICO DO MUNDO,ÚNICA,ABRIL,HQ,NÃO,,,,,,,,,,,,,,,,,
TIO PATINHAS E PATO DONALD O TESOURO NA BOLHA DE VIDRO,ÚNICA,ABRIL,HQ,NÃO,,,,,,,,,,,,,,,,,
TIO PATINHAS E PATO DONALD O ULTIMO MEMBRO DO CLA MACPATINHAS,ÚNICA,ABRIL,HQ,NÃO,,,,,,,,,,,,,,,,,
TIO PATINHAS E PATO DONALD VOLTA A QUADRADOPOLIS,ÚNICA,ABRIL,HQ,NÃO,,,,,,,,,,,,,,,,,
TOKYO GHOST,ÚNICA,DARKSIDE,HQ,SIM,,,,,,,,,,,,,,,,,
TOM STRONG A ORIGEM,1,PANINI,HQ,SIM,,,,,,,,,,,,,,,,,
TOMIE,1,PIPOCA E NANQUIM,MANGÁ,SIM,,,,,,,,,,,,,,,,,
TOMIE,2,PIPOCA E NANQUIM,MANGÁ,SIM,,,,,,,,,,,,,,,,,
TRABALHO DE HISTÓRIA,ÚNICA,INDEPENDENTE,HQ,SIM,AUTOGRAFADO,,,,,,,,,,,,,,,,
TRAÇO DE GIZ,ÚNICA,PIPOCA E NANQUIM,HQ,SIM,,,,,,,,,,,,,,,,,
TRANSFORMES UNIVERSO ENERGON 1,1,PANINI,HQ,NÃO,,26/04/2026,,,,,,,,,,,,,,,
TRILOGIA GATILHO,ÚNICA,PIPOCA E NANQUIM,HQ,SIM,,,,,,,,,,,,,,,,,
TRINDADE RENASCIMENTO,1,PANINI,HQ,SIM,,,,,,,,,,,,,,,,,
TRINDADE RENASCIMENTO,2,PANINI,HQ,SIM,,,,,,,,,,,,,,,,,
ULTIMATE HOMEM ARANHA 2024,1,PANINI,HQ,SIM,,,,,,,,,,,,,,,,,
ULTIMATE HOMEM ARANHA 2024,2,PANINI,HQ,SIM,,,,,,,,,,,,,,,,,
ULTIMATE HOMEM-ARANHA PODER E RESPONSABILIDADE,ÚNICA,PANINI,HQ,SIM,,,,,,,,,,,,,,,,,
UM CONTO DE NATAL,ÚNICA,COMIX ZONE,HQ,NÃO,,,,,,,,,,,,,,,,,
UM PEDAÇO DE MADEIRA E AÇO,ÚNICA,PIPOCA E NANQUIM,HQ,SIM,,,,,,,,,,,,,,,,,
UNDERTAKER,ÚNICA,PIPOCA E NANQUIM,HQ,SIM,,,,,,,,,,,,,,,,,
UNIVERSO X,ÚNICA,PANINI,HQ,NÃO,,,,,,,,,,,,,,,,,
USAGI YOJIMBO,1,HYPERION COMICS,HQ,SIM,,,,,,,,,,,,,,,,,
USAGI YOJIMBO,2,HYPERION COMICS,HQ,SIM,,,,,,,,,,,,,,,,,
USAGI YOJIMBO,3,HYPERION COMICS,HQ,SIM,,,,,,,,,,,,,,,,,
USAGI YOJIMBO,4,HYPERION COMICS,HQ,SIM,,,,,,,,,,,,,,,,,
USAGI YOJIMBO,5,HYPERION COMICS,HQ,SIM,,,,,,,,,,,,,,,,,
USAGI YOJIMBO,6,HYPERION COMICS,HQ,SIM,,,,,,,,,,,,,,,,,
VAMPIRO AMERICANO SEGUNDO CICLO,1,PANINI,HQ,NÃO,,,,,,,,,,,,,,,,,
VAMPIRO AMERICANO SEGUNDO CICLO,2,PANINI,HQ,NÃO,,,,,,,,,,,,,,,,,
VAMPIROS,ÚNICA,PIPOCA E NANQUIM,MANGÁ,NÃO,,,,,,,,,,,,,,,,,
VENOM E HOMEM ARANHA CORPORAÇÃO VENOM,ÚNICA,PANINI,HQ,SIM,,,,,,,,,,,,,,,,,
VÉU,ÚNICA,MYTHOS,HQ,NÃO,,,,,,,,,,,,,,,,,
VINGADORES A IRA DE ULTRON,ÚNICA,PANINI,HQ,NÃO,,,,,,,,,,,,,,,,,
VINGADORES SELVAGENS,1,PANINI,HQ,SIM,,,,,,,,,,,,,,,,,
VINGADORES SELVAGENS,2,PANINI,HQ,NÃO,,,,,,,,,,,,,,,,,
VINGADORES VS X MEN,ÚNICA,PANINI,HQ,NÃO,,,,,,,,,,,,,,,,,
VIRGEM DEPOIS DOS 30,ÚNICA,PIPOCA E NANQUIM,MANGÁ,NÃO,,,,,,,,,,,,,,,,,
VISÃO POUCO PIOR QUE UM HOMEM,1,PANINI,HQ,SIM,,,,,,,,,,,,,,,,,
VLAD DRÁCULA,ÚNICA,PIPOCA E NANQUIM,HQ,NÃO,,,,,,,,,,,,,,,,,
WATCHMEN EDIÇÃO DEFINITIVA,ÚNICA,PANINI,HQ,SIM,,,,,,,,,,,,,,,,,
WEEKLY SHONEN JUMP 2025,1,JUMP COMICS,MANGÁ,SIM,,,,,,,,,,,,,,,,,
WITCHBLADE SÉRIE CLÁSSICA ORIGENS,1,PANINI,HQ,NÃO,,,,,,,,,,,,,,,,,
WOLVERINE - QUINTA SÉRIE,1,PANINI,HQ,SIM,,,,,,,,,,,,,,,,,
WOLVERINE - QUINTA SÉRIE,2,PANINI,HQ,SIM,,,,,,,,,,,,,,,,,
WOLVERINE - QUINTA SÉRIE,3,PANINI,HQ,NÃO,,,,,,,,,,,,,,,,,
WOLVERINE - QUINTA SÉRIE,4,PANINI,HQ,SIM,,,,,,,,,,,,,,,,,
WOLVERINE - QUINTA SÉRIE,4,PANINI,HQ,SIM,,,,,,,,,,,,,,,,,
WOLVERINE A FILHA DE WOLVERINE,ÚNICA,PANINI,HQ,NÃO,,,,,,,,,,,,,,,,,
WOLVERINE E DESTRUTOR FUSÃO,ÚNICA,PANINI,HQ,NÃO,,,,,,,,,,,,,,,,,
X-MEN JHONATAN HICKMAN,1,PANINI,HQ,NÃO,,,,,,,,,,,,,,,,,
X-MEN JHONATAN HICKMAN,2,PANINI,HQ,NÃO,,,,,,,,,,,,,,,,,
X-MEN JHONATAN HICKMAN,3,PANINI,HQ,NÃO,,,,,,,,,,,,,,,,,
X-MEN JHONATAN HICKMAN,4,PANINI,HQ,NÃO,,,,,,,,,,,,,,,,,
YUYU HAKUSHO,1,JBC,MANGÁ,SIM,,,,,,,,,,,,,,,,,
YUYU HAKUSHO,2,JBC,MANGÁ,SIM,,,,,,,,,,,,,,,,,
YUYU HAKUSHO,3,JBC,MANGÁ,SIM,,,,,,,,,,,,,,,,,
YUYU HAKUSHO,4,JBC,MANGÁ,SIM,,,,,,,,,,,,,,,,,
YUYU HAKUSHO,5,JBC,MANGÁ,SIM,,,,,,,,,,,,,,,,,
YUYU HAKUSHO,6,JBC,MANGÁ,SIM,,,,,,,,,,,,,,,,,
YUYU HAKUSHO,7,JBC,MANGÁ,SIM,,,,,,,,,,,,,,,,,
YUYU HAKUSHO,8,JBC,MANGÁ,SIM,,,,,,,,,,,,,,,,,
YUYU HAKUSHO,9,JBC,MANGÁ,SIM,,,,,,,,,,,,,,,,,
YUYU HAKUSHO,10,JBC,MANGÁ,SIM,,,,,,,,,,,,,,,,,
YUYU HAKUSHO,11,JBC,MANGÁ,SIM,,,,,,,,,,,,,,,,,
YUYU HAKUSHO,12,JBC,MANGÁ,SIM,,,,,,,,,,,,,,,,,
YUYU HAKUSHO,13,JBC,MANGÁ,SIM,,,,,,,,,,,,,,,,,
YUYU HAKUSHO,14,JBC,MANGÁ,SIM,,,,,,,,,,,,,,,,,
YUYU HAKUSHO,15,JBC,MANGÁ,SIM,,,,,,,,,,,,,,,,,
YUYU HAKUSHO,16,JBC,MANGÁ,SIM,,,,,,,,,,,,,,,,,
YUYU HAKUSHO,17,JBC,MANGÁ,SIM,,,,,,,,,,,,,,,,,
YUYU HAKUSHO,18,JBC,MANGÁ,SIM,,,,,,,,,,,,,,,,,
YUYU HAKUSHO,19,JBC,MANGÁ,SIM,,,,,,,,,,,,,,,,,
ZELDA OCARINA OF TIME,1,PANINI,MANGÁ,NÃO,,,,,,,,,,,,,,,,,